507608387.cel,1
GSM37496.CEL,1
GSM100632.CEL,1
333475926.cel,1
GSM97018.CEL,1
GSM87106.cel,1
484697998.cel,1
GSM96986.CEL,1
GSM47460.CEL,1
GSM9788.CEL,1
GSM86797.cel,1
GSM72403.CEL,1
414723651.cel,1
GSM20697.CEL,1
GSM86086.CEL,1
GSM100458.CEL,1
GSM100572.CEL,1
GSM23388.cel,1
GSM42787.CEL,1
GSM47467.CEL,1
GSM23390.cel,1
GSM9791.CEL,1
882906319.cel,1
366331247.cel,1
GSM96970.CEL,1
354960460.cel,1
GSM26288.CEL,1
GSM51400.CEL,1
GSM20823.CEL,1
GSM100553.CEL,1
507609159.cel,1
GSM48033.CEL,1
GSM118927.CEL,1
GSM86951.cel,1
GSM110805.CEL,1
GSM52665.CEL,1
GSM15698.CEL,1
533578676.cel,1
1102960533.cel,1
GSM92248.CEL,1
356366210.cel,1
GSM20964.CEL,1
GSM26896.CEL,1
GSM86823.cel,1
GSM110845.CEL,1
508765269.cel,1
GSM110795.CEL,1
GSM79226.CEL,1
GSM118975.CEL,1
GSM9739.CEL,1
GSM86819.cel,1
GSM20863.CEL,1
GSM100643.CEL,1
GSM26906.CEL,1
356365904.cel,1
GSM28377.CEL,1
529030610.cel,1
422896746.cel,1
529030555.cel,1
GSM26885.CEL,1
325610407.cel,1
308151823.cel,1
GSM27548.CEL,1
GSM42817.CEL,1
GSM50043.CEL,1
484696808.cel,1
GSM47197.CEL,1
GSM39812.CEL,1
GSM42783.CEL,1
GSM9720.CEL,1
GSM50022.CEL,1
GSM33103.CEL,1
GSM86854.cel,1
922867041.cel,1
308151125.cel,1
529034363.cel,1
GSM34931.CEL,1
GSM110646.CEL,1
GSM72400.CEL,1
GSM97034.CEL,1
533578873.cel,1
GSM9710.CEL,1
GSM72433.CEL,1
GSM118881.CEL,1
GSM3989.CEL,1
GSM22067.CEL,1
GSM79306.CEL,1
GSM124907.CEL,1
484696932.cel,1
GSM50110.CEL,1
GSM107181.CEL,1
GSM47683.CEL,1
366332061.cel,1
882906373.cel,1
350868103.cel,1
GSM100828.cel,1
GSM21208.cel,1
GSM100612.CEL,1
680971695.cel,1
GSM47204.CEL,1
GSM20838.CEL,1
GSM23427.cel,1
GSM40790.CEL,1
GSM73503.CEL,1
GSM42760.CEL,1
922867841.cel,1
GSM45864.CEL,1
GSM27104.CEL,1
GSM27540.CEL,1
GSM46544.CEL,1
GSM74368.CEL,1
356366020.cel,1
507609298.cel,1
GSM119025.CEL,1
GSM118959.CEL,1
356359260.cel,1
GSM20733.CEL,1
882906718.cel,1
GSM29703.CEL,1
GSM79219.CEL,1
GSM107175.CEL,1
GSM23413.cel,1
GSM100600.CEL,1
GSM42248.CEL,1
356369089.cel,1
GSM42266.CEL,1
GSM23426.cel,1
GSM118982.CEL,1
366328879.cel,1
GSM74351.CEL,1
317335314.cel,1
GSM107196.CEL,1
GSM118802.CEL,1
1102960731.cel,1
GSM14958.CEL,1
560131607.cel,1
GSM26873.CEL,1
GSM118892.CEL,1
GSM110873.CEL,1
GSM107231.CEL,1
518988403.cel,1
GSM104475.CEL,1
GSM42770.CEL,1
484696826.cel,1
GSM24659.cel.CEL,1
366330433.cel,1
GSM110670.CEL,1
GSM74418.CEL,1
GSM47194.CEL,1
GSM9782.CEL,1
GSM73472.CEL,1
GSM41005.CEL,1
GSM107119.CEL,1
GSM50071.CEL,1
366327917.cel,1
GSM14943.CEL,1
GSM92262.CEL,1
GSM80468.CEL,1
507609439.cel,1
GSM86573.CEL,1
863473852.cel,1
921401705.cel,1
GSM119020.CEL,1
GSM46546.CEL,1
GSM119038.CEL,1
594490580.cel,1
366331025.cel,1
GSM96977.CEL,1
529032493.cel,1
GSM20853.CEL,1
GSM30296.CEL,1
356371061.cel,1
GSM13419.cel,1
560131555.cel,1
GSM82382.CEL,1
GSM97042.CEL,1
GSM107105.CEL,1
GSM60127.CEL,1
363894499.cel,1
GSM50778.CEL,1
484697126.cel,1
GSM129743.CEL,1
356359376.cel,1
GSM9833.CEL,1
GSM15726.CEL,1
GSM79298.CEL,1
GSM71076.CEL,1
GSM118917.CEL,1
GSM107112.CEL,1
GSM24500.CEL,1
GSM96978.CEL,1
GSM74379.CEL,1
GSM9708.CEL,1
GSM97035.CEL,1
356377072.cel,1
GSM86852.cel,1
GSM79234.CEL,1
GSM15747.CEL,1
GSM23392.cel,1
GSM71069.CEL,1
GSM100576.CEL,1
391748409.cel,1
GSM107140.CEL,1
882906679.cel,1
919973875.cel,1
GSM9775.CEL,1
922866817.cel,1
GSM110634.CEL,1
GSM79136.CEL,1
529031270.cel,1
GSM86849.cel,1
GSM110662.CEL,1
356380153.cel,1
GSM119044.CEL,1
GSM44699.CEL,1
GSM72412.CEL,1
GSM50098.CEL,1
GSM89590.CEL,1
422897237.cel,1
GSM121393.CEL,1
GSM42810.CEL,1
484698890.cel,1
529032328.cel,1
GSM71053.CEL,1
GSM19158.CEL,1
GSM74247.CEL,1
GSM20857.CEL,1
481789443.cel,1
GSM26894.CEL,1
354960130.cel,1
GSM93891.CEL,1
GSM92817.CEL,1
GSM118998.CEL,1
GSM60136.CEL,1
GSM100468.CEL,1
GSM107207.CEL,1
GSM100465.CEL,1
GSM20795.CEL,1
GSM118773.CEL,1
GSM71020.CEL,1
529033593.cel,1
353122973.cel,1
GSM42762.CEL,1
GSM107109.CEL,1
GSM22055.CEL,1
GSM110801.CEL,1
GSM73458.CEL,1
GSM107114.CEL,1
422897763.cel,1
GSM20859.CEL,1
GSM80465.CEL,1
GSM12075.CEL,1
586619504.cel,1
350868796.cel,1
GSM20878.CEL,1
507608903.cel,1
GSM24501.CEL,1
GSM110682.CEL,1
319984988.cel,1
GSM26293.CEL,1
GSM72479.CEL,1
GSM110687.CEL,1
356374868.cel,1
GSM42264.CEL,1
GSM79286.CEL,1
GSM45855.CEL,1
GSM118792.CEL,1
366328065.cel,1
GSM123262.cel,1
GSM110742.CEL,1
GSM110785.CEL,1
GSM50112.CEL,1
922866665.cel,1
GSM100646.CEL,1
GSM94313.CEL,1
GSM86537.CEL,1
GSM95563.CEL,1
GSM118894.CEL,1
GSM23120.CEL,1
503316011.cel,1
GSM80476.CEL,1
GSM87120.cel,1
GSM110725.CEL,1
356370365.cel,1
GSM107154.CEL,1
GSM20898.CEL,1
GSM86822.cel,1
1102960664.cel,1
GSM24495.CEL,1
GSM100663.CEL,1
GSM79190.CEL,1
GSM37152.CEL,1
882906862.cel,1
518988175.cel,1
529030940.cel,1
GSM50091.CEL,1
882906483.cel,1
518988756.cel,1
GSM118873.CEL,1
GSM9707.CEL,1
GSM15710.CEL,1
GSM36443.CEL,1
GSM118940.CEL,1
GSM89541.CEL,1
422896495.cel,1
GSM22054.CEL,1
GSM47704.CEL,1
484695796.cel,1
GSM40981.CEL,1
GSM86979.cel,1
GSM20852.CEL,1
922867649.cel,1
356373824.cel,1
GSM79118.CEL,1
GSM110829.CEL,1
GSM107138.CEL,1
GSM44634.CEL,1
308149984.cel,1
921401769.cel,1
GSM87733.CEL,1
484698975.cel,1
GSM110649.CEL,1
GSM94306.CEL,1
GSM44684.CEL,1
586619356.cel,1
1102960695.cel,1
GSM118858.CEL,1
GSM40993.CEL,1
GSM74357.CEL,1
GSM24653.cel.CEL,1
GSM21713.CEL,1
GSM51405.CEL,1
1102960958.cel,1
GSM79347.CEL,1
GSM77102.CEL,1
GSM87115.cel,1
GSM123190.cel,1
GSM50073.CEL,1
GSM9800.CEL,1
GSM108540_EGF1.CEL,1
GSM110667.CEL,1
366327769.cel,1
GSM112915.CEL,1
GSM118660.CEL,1
GSM92242.CEL,1
GSM74399.CEL,1
529033373.cel,1
GSM45851.CEL,1
GSM97048.CEL,1
GSM20961.CEL,1
GSM118731.CEL,1
GSM22071.CEL,1
GSM22061.CEL,1
GSM110733.CEL,1
GSM100623.CEL,1
GSM100564.CEL,1
366332912.cel,1
GSM92815.CEL,1
GSM87727.CEL,1
356366115.cel,1
GSM36450.CEL,1
GSM34918.CEL,1
GSM13417.cel,1
1102960930.cel,1
GSM97041.CEL,1
GSM86800.cel,1
GSM20945.CEL,1
GSM119041.CEL,1
GSM20725.CEL,1
GSM34943.CEL,1
366327843.cel,1
356360072.cel,1
863474029.cel,1
GSM47719.CEL,1
GSM4004.CEL,1
GSM20767.CEL,1
356374288.cel,1
GSM19084.cel,1
GSM110686.CEL,1
GSM72478.CEL,1
GSM20765.CEL,1
GSM12268.CEL,1
529032713.cel,1
391747639.cel,1
GSM42809.CEL,1
474068449.cel,1
GSM89589.CEL,1
356373940.cel,1
GSM9806.CEL,1
GSM118736.CEL,1
331050346.cel,1
GSM79182.CEL,1
GSM14957.CEL,1
GSM86851.cel,1
529033043.cel,1
391748024.cel,1
GSM87111.cel,1
391748299.cel,1
356379014.cel,1
529030335.cel,1
GSM20850.CEL,1
GSM20921.CEL,1
GSM26877.CEL,1
356371177.cel,1
GSM123207.cel,1
GSM75883.CEL,1
GSM9712.CEL,1
356358100.cel,1
366328213.cel,1
GSM123235.cel,1
366328398.cel,1
GSM9830.CEL,1
GSM14937.CEL,1
GSM96959.CEL,1
GSM47665.CEL,1
GSM3982.CEL,1
GSM118733.CEL,1
GSM110674.CEL,1
GSM79243.CEL,1
GSM119001.CEL,1
GSM79238.CEL,1
529030720.cel,1
GSM45860.CEL,1
GSM94303.CEL,1
356365672.cel,1
GSM36447.CEL,1
GSM79267.CEL,1
919887863.cel,1
GSM89562.CEL,1
GSM118751.CEL,1
GSM104487.CEL,1
GSM20974.CEL,1
GSM47213.CEL,1
GSM46392.CEL,1
GSM15751.CEL,1
GSM104478.CEL,1
GSM92243.CEL,1
GSM100636.CEL,1
GSM92241.CEL,1
GSM29752.CEL,1
GSM27974.CEL,1
GSM86842.cel,1
GSM73429.CEL,1
GSM74392.CEL,1
366330137.cel,1
GSM86792.cel,1
GSM9516.CEL,1
393094769.cel,1
484697338.cel,1
GSM12300.CEL,1
GSM129730.CEL,1
GSM92249.CEL,1
GSM107206.CEL,1
GSM86577.CEL,1
GSM121394.CEL,1
680971712.cel,1
560131456.cel,1
366331432.cel,1
319984795.cel,1
GSM100590.CEL,1
382874706.cel,1
GSM100488.CEL,1
GSM71047.CEL,1
GSM119030.CEL,1
GSM72429.CEL,1
GSM29324.CEL,1
325611277.cel,1
GSM23422.cel,1
GSM100653.CEL,1
GSM79214.CEL,1
GSM9813.CEL,1
GSM110628.CEL,1
GSM15693.CEL,1
GSM87087.cel,1
493461146.cel,1
GSM14970.CEL,1
GSM42819.CEL,1
GSM23372.CEL,1
GSM79192.CEL,1
GSM36434.CEL,1
GSM24664.cel.CEL,1
GSM79137.CEL,1
GSM9777.CEL,1
GSM110653.CEL,1
GSM47726.CEL,1
GSM79222.CEL,1
GSM110735.CEL,1
GSM97036.CEL,1
GSM77098.CEL,1
GSM129765.CEL,1
GSM46385.CEL,1
GSM20937.CEL,1
GSM44303.CEL,1
GSM42811.CEL,1
GSM107083.CEL,1
GSM20899.CEL,1
356375332.cel,1
GSM100640.CEL,1
GSM118905.CEL,1
GSM118834.CEL,1
356375912.cel,1
366328842.cel,1
GSM23402.cel,1
GSM74406.CEL,1
GSM14973.CEL,1
529031998.cel,1
GSM109223.CEL,1
GSM89568.CEL,1
GSM123184.cel,1
GSM20861.CEL,1
GSM119009.CEL,1
305932698.cel,1
GSM123227.cel,1
GSM86954.cel,1
391747914.cel,1
GSM119059.CEL,1
GSM112919.CEL,1
GSM89579.CEL,1
GSM92254.CEL,1
GSM107151.CEL,1
GSM50085.CEL,1
GSM21222.cel,1
GSM73483.CEL,1
431881778.cel,1
GSM94322.CEL,1
GSM15735.CEL,1
1176547165.cel,1
GSM27100.CEL,1
GSM118896.CEL,1
GSM20910.CEL,1
GSM92244.CEL,1
GSM41004.CEL,1
863473821.cel,1
GSM37494.CEL,1
GSM86965.cel,1
305933396.cel,1
GSM9849.CEL,1
529034418.cel,1
1102960632.cel,1
882906105.cel,1
GSM110740.CEL,1
GSM89524.CEL,1
GSM48026.CEL,1
GSM50065.CEL,1
GSM20684.CEL,1
GSM104492.CEL,1
GSM107106.CEL,1
GSM118879.CEL,1
484696976.cel,1
GSM118965.CEL,1
GSM107212.CEL,1
GSM74396.CEL,1
GSM108545_S1P3.CEL,1
GSM15743.CEL,1
GSM20829.CEL,1
GSM34940.CEL,1
GSM42742.CEL,1
GSM72477.CEL,1
331050574.cel,1
GSM118830.CEL,1
474068268.cel,1
GSM73473.CEL,1
GSM107168.CEL,1
GSM52677.CEL,1
GSM9773.CEL,1
GSM86959.cel,1
GSM107081.CEL,1
GSM118891.CEL,1
GSM100552.CEL,1
GSM72470.CEL,1
922867665.cel,1
507609411.cel,1
391746869.cel,1
GSM3980.CEL,1
GSM47212.CEL,1
GSM42767.CEL,1
GSM123237.cel,1
GSM129745.CEL,1
356373070.cel,1
366328990.cel,1
GSM47471.CEL,1
GSM114849.CEL,1
GSM100543.CEL,1
GSM3957.CEL,1
GSM73488.CEL,1
382874472.cel,1
333475376.cel,1
GSM50126.CEL,1
391746814.cel,1
GSM44657.CEL,1
GSM100595.CEL,1
GSM94307.CEL,1
GSM100607.CEL,1
GSM74388.CEL,1
GSM3981.CEL,1
GSM9787.CEL,1
356363183.cel,1
863473717.cel,1
GSM71060.CEL,1
GSM40778.CEL,1
GSM118978.CEL,1
GSM79225.CEL,1
882906803.cel,1
GSM100652.CEL,1
GSM72398.CEL,1
882907112.cel,1
480977959.cel,1
356362508.cel,1
GSM34910.CEL,1
922866777.cel,1
921401617.cel,1
GSM26870.CEL,1
GSM9840.CEL,1
GSM118922.CEL,1
GSM9719.CEL,1
319984892.cel,1
GSM71038.CEL,1
GSM20864.CEL,1
GSM46566.CEL,1
GSM129734.CEL,1
GSM112920.CEL,1
GSM28379.CEL,1
GSM30309.CEL,1
GSM44672.CEL,1
GSM34736.CEL,1
325609711.cel,1
GSM15699.CEL,1
GSM110818.CEL,1
1176547301.cel,1
305932085.cel,1
GSM33117.CEL,1
GSM79151.CEL,1
GSM24662.cel.CEL,1
GSM79265.CEL,1
GSM44695.CEL,1
366329952.cel,1
GSM124906.CEL,1
GSM19094.cel,1
GSM86846.cel,1
GSM9804.CEL,1
GSM40990.CEL,1
GSM86991.cel,1
366327547.cel,1
GSM118964.CEL,1
GSM50104.CEL,1
GSM86839.cel,1
GSM52666.CEL,1
307286745.cel,1
GSM34041.CEL,1
GSM79360.CEL,1
922867793.cel,1
GSM86930.cel,1
GSM42253.CEL,1
GSM20776.CEL,1
356364765.cel,1
GSM20837.CEL,1
GSM24621.CEL,1
GSM118804.CEL,1
GSM88289.CEL,1
356361580.cel,1
GSM20826.CEL,1
518988668.cel,1
GSM21204.cel,1
GSM107187.CEL,1
GSM129735.CEL,1
GSM72480.CEL,1
GSM110826.CEL,1
GSM44654.CEL,1
317334618.cel,1
GSM86827.cel,1
GSM118661.CEL,1
GSM96956.CEL,1
331456194.cel,1
GSM51389.CEL,1
356371989.cel,1
GSM51395.CEL,1
GSM89556.CEL,1
GSM23387.cel,1
GSM15695.CEL,1
586619132.cel,1
GSM100530.CEL,1
GSM118825.CEL,1
GSM96962.CEL,1
484696192.cel,1
GSM119049.CEL,1
353123193.cel,1
356364533.cel,1
GSM107091.CEL,1
GSM26911.CEL,1
354960240.cel,1
GSM20940.CEL,1
GSM79338.CEL,1
GSM19382.CEL,1
GSM20701.CEL,1
GSM110848.CEL,1
GSM20867.CEL,1
GSM50039.CEL,1
GSM72418.CEL,1
GSM30845.CEL,1
GSM30843.CEL,1
GSM14941.CEL,1
484697356.cel,1
GSM89518.CEL,1
484696702.cel,1
GSM27069.CEL,1
GSM110677.CEL,1
GSM107117.CEL,1
GSM118903.CEL,1
GSM118933.CEL,1
325610639.cel,1
GSM20756.CEL,1
GSM118987.CEL,1
GSM38685.CEL,1
GSM51403.CEL,1
474068658.cel,1
331050460.cel,1
922867225.cel,1
GSM47207.CEL,1
GSM89501.CEL,1
GSM123232.cel,1
GSM79236.CEL,1
GSM89537.CEL,1
GSM14968.CEL,1
GSM110804.CEL,1
GSM110778.CEL,1
GSM86970.cel,1
GSM89608.CEL,1
GSM34742.CEL,1
680971627.cel,1
GSM30289.CEL,1
GSM73456.CEL,1
GSM72422.CEL,1
GSM110658.CEL,1
GSM79144.CEL,1
GSM79221.CEL,1
GSM100492.CEL,1
529032108.cel,1
GSM20868.CEL,1
331051600.cel,1
GSM79353.CEL,1
GSM86079.CEL,1
GSM107198.CEL,1
502393013.cel,1
518988000.cel,1
GSM89523.CEL,1
GSM86783.CEL,1
586618880.cel,1
356367718.cel,1
GSM39804.CEL,1
GSM20749.CEL,1
GSM110776.CEL,1
922867057.cel,1
356365113.cel,1
371164679.cel,1
366331469.cel,1
GSM20834.CEL,1
GSM73506.CEL,1
GSM22063.CEL,1
GSM92266.CEL,1
882906743.cel,1
391748134.cel,1
GSM3961.CEL,1
GSM26882.CEL,1
GSM39815.CEL,1
GSM20931.CEL,1
GSM20848.CEL,1
317334908.cel,1
GSM100586.CEL,1
489164284.cel,1
366330840.cel,1
GSM100473.CEL,1
919887812.cel,1
325609537.cel,1
GSM20941.CEL,1
GSM42754.CEL,1
GSM100550.CEL,1
GSM42746.CEL,1
GSM121360.CEL,1
GSM118950.CEL,1
356377188.cel,1
GSM9761.CEL,1
GSM36426.CEL,1
GSM107161.CEL,1
GSM15390.CEL,1
GSM123240.cel,1
GSM42769.CEL,1
GSM42175.CEL,1
GSM3969.CEL,1
GSM86690.CEL,1
533578693.cel,1
GSM60922.CEL,1
366327510.cel,1
356365556.cel,1
317335082.cel,1
680971423.cel,1
518988697.cel,1
GSM42744.CEL,1
GSM36449.CEL,1
GSM9526.CEL,1
317334734.cel,1
GSM79170.CEL,1
1176547250.cel,1
GSM129742.CEL,1
GSM20751.CEL,1
GSM87080.cel,1
GSM46380.CEL,1
GSM74371.CEL,1
484697859.cel,1
GSM100560.CEL,1
GSM20769.CEL,1
922866577.cel,1
529030665.cel,1
GSM34922.CEL,1
GSM42800.CEL,1
431881980.cel,1
GSM30842.CEL,1
GSM50033.CEL,1
GSM79332.CEL,1
GSM86781.CEL,1
GSM89555.CEL,1
GSM86806.cel,1
356374984.cel,1
GSM23119.CEL,1
GSM110868.CEL,1
GSM86848.cel,1
GSM123263.cel,1
GSM118977.CEL,1
GSM44679.CEL,1
GSM14939.CEL,1
529031634.cel,1
GSM107173.CEL,1
GSM100656.CEL,1
GSM100535.CEL,1
GSM100457.CEL,1
GSM9823.CEL,1
GSM109225.CEL,1
GSM100537.CEL,1
GSM100641.CEL,1
356360188.cel,1
319982903.cel,1
GSM72455.CEL,1
GSM50079.CEL,1
363894314.cel,1
366331691.cel,1
GSM20757.CEL,1
GSM38986.CEL,1
356372221.cel,1
GSM79308.CEL,1
922866857.cel,1
GSM30839.CEL,1
GSM110685.CEL,1
GSM22068.CEL,1
GSM11823.CEL,1
GSM50076.CEL,1
GSM51398.CEL,1
921401801.cel,1
GSM86722.CEL,1
GSM37153.CEL,1
GSM20960.CEL,1
GSM50088.CEL,1
GSM48270.CEL,1
GSM42812.CEL,1
GSM15686.CEL,1
GSM73428.CEL,1
456418645.cel,1
GSM15785.cel,1
GSM107100.CEL,1
GSM30283.CEL,1
GSM40783.CEL,1
GSM97038.CEL,1
GSM82386.CEL,1
356364090.cel,1
GSM71044.CEL,1
GSM89593.CEL,1
366327732.cel,1
382875121.cel,1
GSM74374.CEL,1
GSM79262.CEL,1
922866985.cel,1
GSM71075.CEL,1
GSM97001.CEL,1
922867249.cel,1
GSM118580.CEL,1
333475596.cel,1
366332246.cel,1
GSM110637.CEL,1
503316435.cel,1
586619527.cel,1
GSM20716.CEL,1
586619600.cel,1
366327658.cel,1
356373244.cel,1
922866833.cel,1
356366326.cel,1
333476421.cel,1
GSM50063.CEL,1
GSM87100.cel,1
GSM44689.CEL,1
GSM20685.CEL,1
GSM110851.CEL,1
882906991.cel,1
1176547284.cel,1
366330507.cel,1
890732412.cel,1
GSM76880.CEL,1
GSM15752.CEL,1
GSM48669.CEL,1
GSM15758.CEL,1
GSM110853.CEL,1
GSM118815.CEL,1
GSM79354.CEL,1
352601498.cel,1
GSM74404.CEL,1
356361116.cel,1
356371293.cel,1
393094714.cel,1
317334212.cel,1
GSM107096.CEL,1
GSM87101.cel,1
GSM9730.CEL,1
GSM104477.CEL,1
GSM37143.CEL,1
GSM86934.cel,1
356370133.cel,1
GSM26893.CEL,1
325610059.cel,1
GSM107144.CEL,1
GSM80464.CEL,1
GSM100633.CEL,1
518988905.cel,1
GSM107142.CEL,1
GSM50129.CEL,1
GSM47660.CEL,1
GSM110679.CEL,1
508765137.cel,1
GSM42249.CEL,1
GSM20844.CEL,1
GSM20954.CEL,1
GSM110643.CEL,1
GSM129748.CEL,1
GSM20951.CEL,1
GSM118741.CEL,1
356369205.cel,1
382874433.cel,1
353123083.cel,1
GSM86811.cel,1
GSM86799.cel,1
366329286.cel,1
GSM121359.CEL,1
GSM15391.CEL,1
GSM9796.CEL,1
922866889.cel,1
GSM47667.CEL,1
319984058.cel,1
GSM44676.CEL,1
GSM118972.CEL,1
GSM118624.CEL,1
GSM72483.CEL,1
GSM87701.CEL,1
GSM20729.CEL,1
391746594.cel,1
GSM118915.CEL,1
GSM50052.CEL,1
GSM20785.CEL,1
863473618.cel,1
305933293.cel,1
356377768.cel,1
GSM30307.CEL,1
529029366.cel,1
GSM118946.CEL,1
GSM109224.CEL,1
GSM72425.CEL,1
356359028.cel,1
GSM42252.CEL,1
366330618.cel,1
GSM100584.CEL,1
366331321.cel,1
GSM19173.CEL,1
922867617.cel,1
GSM86950.cel,1
GSM3923.CEL,1
GSM86971.cel,1
882906833.cel,1
GSM86936.cel,1
GSM51383.CEL,1
366328805.cel,1
GSM110734.CEL,1
GSM71056.CEL,1
GSM118983.CEL,1
GSM27541.CEL,1
366332468.cel,1
GSM100830.cel,1
GSM96954.CEL,1
431881674.cel,1
GSM46384.CEL,1
GSM129764.CEL,1
GSM89582.CEL,1
GSM118818.CEL,1
922866905.cel,1
922867529.cel,1
922866689.cel,1
GSM30314.CEL,1
GSM73446.CEL,1
GSM100644.CEL,1
317334038.cel,1
356379130.cel,1
GSM100510.CEL,1
680971661.cel,1
GSM20896.CEL,1
GSM24616.CEL,1
GSM60142.CEL,1
GSM9825.CEL,1
GSM107205.CEL,1
GSM110813.CEL,1
GSM100512.CEL,1
GSM42759.CEL,1
484696166.cel,1
922867201.cel,1
GSM118908.CEL,1
GSM110732.CEL,1
356365345.cel,1
922867273.cel,1
GSM47686.CEL,1
GSM97022.CEL,1
GSM80473.CEL,1
GSM20970.CEL,1
GSM107221.CEL,1
GSM119062.CEL,1
GSM20766.CEL,1
GSM97006.CEL,1
GSM49955.CEL,1
GSM118899.CEL,1
GSM86820.cel,1
922867137.cel,1
484698351.cel,1
GSM89552.CEL,1
GSM41012.CEL,1
GSM110751.CEL,1
GSM79199.CEL,1
319983962.cel,1
922867761.cel,1
GSM129729.CEL,1
GSM118866.CEL,1
GSM51399.CEL,1
GSM123194.cel,1
GSM79256.CEL,1
GSM110777.CEL,1
GSM50087.CEL,1
GSM86564.CEL,1
366330063.cel,1
GSM9811.CEL,1
GSM107102.CEL,1
GSM121390.CEL,1
GSM42270.CEL,1
GSM20698.CEL,1
GSM50068.CEL,1
GSM118949.CEL,1
GSM118878.CEL,1
GSM97029.CEL,1
GSM86967.cel,1
356372722.cel,1
GSM110676.CEL,1
GSM123245.cel,1
484695752.cel,1
GSM74403.CEL,1
GSM77100.CEL,1
GSM20761.CEL,1
GSM118976.CEL,1
GSM89551.CEL,1
GSM20692.CEL,1
GSM118813.CEL,1
308149048.cel,1
GSM15729.CEL,1
GSM34134.CEL,1
882906194.cel,1
GSM33097.CEL,1
GSM79145.CEL,1
GSM104483.CEL,1
863473593.cel,1
GSM107163.CEL,1
GSM9658.CEL,1
GSM121397.CEL,1
586619209.cel,1
GSM20711.CEL,1
GSM94320.CEL,1
GSM27968.CEL,1
GSM3921.CEL,1
GSM33095.CEL,1
GSM79208.CEL,1
GSM100502.CEL,1
GSM100509.CEL,1
GSM47215.CEL,1
GSM107189.CEL,1
GSM50097.CEL,1
GSM30300.CEL,1
GSM45847.CEL,1
922867505.cel,1
GSM118841.CEL,1
305932292.cel,1
GSM107094.CEL,1
366328250.cel,1
GSM100479.CEL,1
GSM107099.CEL,1
GSM86787.cel,1
GSM110750.CEL,1
GSM100529.CEL,1
391748244.cel,1
GSM100474.CEL,1
GSM118918.CEL,1
GSM110699.CEL,1
GSM119060.CEL,1
GSM109207.cel,1
GSM74389.CEL,1
GSM100606.CEL,1
484697542.cel,1
356364881.cel,1
GSM42771.CEL,1
356375564.cel,1
GSM20950.CEL,1
GSM104484.CEL,1
391746374.cel,1
GSM86944.cel,1
GSM86807.cel,1
GSM9717.CEL,1
GSM89583.CEL,1
518989049.cel,1
GSM34746.CEL,1
GSM15722.CEL,1
305932389.cel,1
GSM79207.CEL,1
GSM20900.CEL,1
GSM100481.CEL,1
GSM20753.CEL,1
356367138.cel,1
356360420.cel,1
GSM121383.CEL,1
586619084.cel,1
GSM118742.CEL,1
GSM92258.CEL,1
GSM94308.CEL,1
GSM110819.CEL,1
GSM19172.CEL,1
GSM38684.CEL,1
GSM110627.CEL,1
GSM9826.CEL,1
GSM86929.cel,1
922866521.cel,1
GSM89574.CEL,1
GSM42785.CEL,1
GSM96955.CEL,1
GSM44649.CEL,1
GSM110709.CEL,1
GSM110839.CEL,1
GSM89539.CEL,1
GSM20713.CEL,1
882905965.cel,1
GSM20962.CEL,1
356367950.cel,1
GSM123213.cel,1
356378666.cel,1
GSM28376.CEL,1
GSM110835.CEL,1
GSM79260.CEL,1
GSM42777.CEL,1
GSM40996.CEL,1
GSM87085.cel,1
GSM100496.CEL,1
GSM86828.cel,1
586618987.cel,1
922867289.cel,1
GSM15737.CEL,1
GSM104493.CEL,1
GSM42796.CEL,1
GSM92250.CEL,1
GSM89586.CEL,1
GSM119035.CEL,1
366329656.cel,1
GSM79198.CEL,1
508765213.cel,1
GSM110739.CEL,1
494754019.cel,1
GSM51372.CEL,1
680971406.cel,1
680971559.cel,1
529031744.cel,1
GSM89602.CEL,1
GSM79141.CEL,1
GSM71051.CEL,1
GSM28384.CEL,1
518989218.cel,1
GSM118853.CEL,1
331050688.cel,1
GSM86966.cel,1
GSM110863.CEL,1
GSM100461.CEL,1
GSM89604.CEL,1
366330174.cel,1
391746539.cel,1
GSM36444.CEL,1
GSM118729.CEL,1
GSM73505.CEL,1
GSM28383.CEL,1
GSM79255.CEL,1
680971576.cel,1
529034748.cel,1
GSM107149.CEL,1
GSM118739.CEL,1
GSM107130.CEL,1
GSM52674.CEL,1
GSM87112.cel,1
GSM9821.CEL,1
GSM72471.CEL,1
325610929.cel,1
GSM107088.CEL,1
GSM15721.CEL,1
GSM27532.CEL,1
480978079.cel,1
GSM24665.cel.CEL,1
GSM51401.CEL,1
922866585.cel,1
GSM21629.CEL,1
GSM109220.CEL,1
GSM129741.CEL,1
GSM100498.CEL,1
GSM21214.cel,1
GSM79119.CEL,1
GSM20813.CEL,1
674688982.cel,1
GSM40786.CEL,1
GSM97032.CEL,1
GSM47202.CEL,1
356376608.cel,1
GSM100559.CEL,1
GSM20933.CEL,1
366327584.cel,1
GSM86829.cel,1
GSM77091.CEL,1
GSM107215.CEL,1
GSM87118.cel,1
GSM118909.CEL,1
GSM119006.CEL,1
GSM118971.CEL,1
319984410.cel,1
GSM20833.CEL,1
GSM87715.CEL,1
GSM9844.CEL,1
GSM9745.CEL,1
GSM74394.CEL,1
GSM71030.CEL,1
GSM86503.CEL,1
GSM87092.cel,1
GSM20928.CEL,1
GSM9530.CEL,1
GSM110811.CEL,1
GSM40995.CEL,1
GSM71042.CEL,1
GSM71040.CEL,1
GSM20791.CEL,1
366331062.cel,1
586619381.cel,1
GSM20969.CEL,1
529031380.cel,1
GSM71064.CEL,1
GSM118920.CEL,1
GSM50035.CEL,1
GSM110696.CEL,1
GSM20796.CEL,1
307287083.cel,1
GSM20836.CEL,1
GSM26900.CEL,1
GSM79317.CEL,1
GSM27095.CEL,1
382874550.cel,1
GSM60143.CEL,1
GSM50096.CEL,1
333476366.cel,1
GSM118955.CEL,1
331456104.cel,1
GSM9846.CEL,1
GSM100478.CEL,1
GSM100517.CEL,1
GSM24617.CEL,1
414724193.cel,1
GSM118824.CEL,1
GSM9695.CEL,1
GSM89536.CEL,1
484697284.cel,1
GSM79206.CEL,1
GSM20736.CEL,1
GSM72486.CEL,1
GSM15393.CEL,1
GSM118748.CEL,1
GSM89547.CEL,1
GSM96957.CEL,1
GSM110731.CEL,1
GSM37491.CEL,1
GSM96996.CEL,1
GSM42247.CEL,1
GSM14956.CEL,1
GSM20741.CEL,1
GSM86826.cel,1
507609103.cel,1
391748739.cel,1
GSM20754.CEL,1
GSM118776.CEL,1
GSM100578.CEL,1
GSM50125.CEL,1
GSM12100.CEL,1
GSM47654.CEL,1
518988828.cel,1
484697152.cel,1
GSM79220.CEL,1
GSM19091.cel,1
GSM118771.CEL,1
GSM34923.CEL,1
484697629.cel,1
GSM15724.CEL,1
GSM123231.cel,1
GSM100547.CEL,1
GSM52663.CEL,1
GSM100589.CEL,1
GSM89526.CEL,1
GSM23378.CEL,1
507608627.cel,1
GSM51394.CEL,1
GSM119014.CEL,1
GSM92265.CEL,1
922867401.cel,1
GSM89613.CEL,1
474068552.cel,1
GSM34909.CEL,1
GSM9822.CEL,1
331050859.cel,1
GSM86796.cel,1
391747529.cel,1
GSM79324.CEL,1
356362392.cel,1
GSM110642.CEL,1
GSM21216.cel,1
GSM20781.CEL,1
GSM34912.CEL,1
GSM20792.CEL,1
922867929.cel,1
GSM112916.CEL,1
356378782.cel,1
GSM47658.CEL,1
356377420.cel,1
GSM87098.cel,1
GSM9803.CEL,1
GSM118895.CEL,1
GSM100487.CEL,1
GSM9848.CEL,1
331051258.cel,1
GSM45856.CEL,1
GSM14947.CEL,1
GSM30282.CEL,1
GSM20873.CEL,1
GSM86535.CEL,1
GSM107111.CEL,1
GSM20715.CEL,1
GSM47466.CEL,1
GSM30847.CEL,1
366328620.cel,1
GSM24508.CEL,1
533578830.cel,1
484698943.cel,1
350866528.cel,1
GSM79287.CEL,1
GSM118798.CEL,1
GSM20799.CEL,1
GSM9729.CEL,1
GSM92274.CEL,1
922867329.cel,1
325610465.cel,1
GSM110861.CEL,1
GSM34915.CEL,1
GSM39807.CEL,1
GSM79123.CEL,1
GSM118758.CEL,1
GSM40991.CEL,1
GSM121391.CEL,1
GSM72434.CEL,1
GSM21635.CEL,1
GSM94310.CEL,1
325609827.cel,1
GSM48037.CEL,1
529031888.cel,1
GSM109227.CEL,1
GSM20768.CEL,1
GSM51371.CEL,1
GSM51379.CEL,1
331051486.cel,1
GSM109221.CEL,1
GSM88286.CEL,1
356362740.cel,1
GSM79281.CEL,1
921401721.cel,1
GSM15712.CEL,1
882907029.cel,1
GSM123243.cel,1
GSM86533.CEL,1
391745989.cel,1
518989122.cel,1
GSM96992.CEL,1
GSM87086.cel,1
GSM14946.CEL,1
GSM50020.CEL,1
GSM15715.CEL,1
GSM27074.CEL,1
GSM86680.CEL,1
GSM20856.CEL,1
GSM15704.CEL,1
GSM14966.CEL,1
GSM47872.CEL,1
GSM74391.CEL,1
GSM100540.CEL,1
GSM50058.CEL,1
GSM44706.CEL,1
541319729.cel,1
GSM123220.cel,1
GSM9709.CEL,1
GSM118958.CEL,1
518989020.cel,1
GSM108543_S1P1.CEL,1
GSM9655.CEL,1
GSM79315.CEL,1
GSM20806.CEL,1
366332357.cel,1
GSM29704.CEL,1
484698784.cel,1
680971610.cel,1
GSM92272.CEL,1
GSM100577.CEL,1
GSM20825.CEL,1
GSM71046.CEL,1
393094604.cel,1
GSM79348.CEL,1
325608841.cel,1
333475871.cel,1
GSM47459.CEL,1
GSM74367.CEL,1
GSM39810.CEL,1
GSM27543.CEL,1
GSM20750.CEL,1
GSM20724.CEL,1
GSM79318.CEL,1
GSM21634.CEL,1
GSM100642.CEL,1
GSM123206.cel,1
GSM107228.CEL,1
674688941.cel,1
GSM74240.CEL,1
GSM118862.CEL,1
366328916.cel,1
GSM118854.CEL,1
GSM107084.CEL,1
GSM37155.CEL,1
GSM79177.CEL,1
GSM100558.CEL,1
GSM110788.CEL,1
GSM72440.CEL,1
GSM9660.CEL,1
GSM110631.CEL,1
GSM72407.CEL,1
GSM14844.CEL,1
GSM100591.CEL,1
GSM19085.cel,1
GSM79187.CEL,1
GSM42789.CEL,1
GSM34924.CEL,1
GSM9748.CEL,1
507608572.cel,1
GSM23227.CEL,1
GSM22058.CEL,1
366331876.cel,1
356362624.cel,1
GSM37490.CEL,1
GSM89565.CEL,1
GSM73471.CEL,1
GSM45861.CEL,1
GSM77097.CEL,1
586619258.cel,1
391746649.cel,1
319983289.cel,1
GSM89594.CEL,1
GSM92822.CEL,1
484696140.cel,1
333475211.cel,1
GSM100627.CEL,1
GSM100520.CEL,1
422893430.cel,1
GSM118962.CEL,1
307286829.cel,1
GSM110663.CEL,1
GSM50109.CEL,1
GSM50038.CEL,1
GSM114834.CEL,1
GSM100647.CEL,1
GSM9757.CEL,1
863473642.cel,1
GSM110799.CEL,1
422894960.cel,1
502393607.cel,1
GSM86941.cel,1
GSM40776.CEL,1
674689745.cel,1
GSM118887.CEL,1
356374056.cel,1
356361232.cel,1
GSM40987.CEL,1
586619455.cel,1
674688892.cel,1
356362044.cel,1
GSM86952.cel,1
317334676.cel,1
922868001.cel,1
GSM9733.CEL,1
GSM42804.CEL,1
GSM11805.CEL,1
GSM118928.CEL,1
GSM86856.cel,1
GSM107211.CEL,1
GSM9764.CEL,1
GSM9794.CEL,1
GSM119061.CEL,1
529029421.cel,1
356369669.cel,1
GSM71027.CEL,1
GSM30286.CEL,1
922867433.cel,1
GSM47473.CEL,1
356364649.cel,1
GSM26881.CEL,1
GSM86830.cel,1
356357404.cel,1
GSM3953.CEL,1
356363067.cel,1
GSM77096.CEL,1
GSM71055.CEL,1
GSM46390.CEL,1
331050517.cel,1
GSM121407.CEL,1
GSM20828.CEL,1
GSM88285.CEL,1
922867745.cel,1
GSM38690.CEL,1
GSM28363.CEL,1
529031524.cel,1
422895477.cel,1
GSM86987.cel,1
GSM3977.CEL,1
GSM9797.CEL,1
529033263.cel,1
GSM15703.CEL,1
GSM37154.CEL,1
GSM72454.CEL,1
GSM21231.cel,1
GSM74419.CEL,1
GSM100613.CEL,1
GSM110856.CEL,1
GSM86805.cel,1
507608442.cel,1
GSM86575.CEL,1
GSM86834.cel,1
GSM100523.CEL,1
GSM50042.CEL,1
480977651.cel,1
882907060.cel,1
GSM118886.CEL,1
GSM34739.CEL,1
GSM110862.CEL,1
GSM74398.CEL,1
GSM100651.CEL,1
GSM100484.CEL,1
GSM28378.CEL,1
366331210.cel,1
GSM34935.CEL,1
GSM119007.CEL,1
GSM9517.CEL,1
GSM9829.CEL,1
GSM92269.CEL,1
GSM50048.CEL,1
GSM79309.CEL,1
GSM119005.CEL,1
GSM119054.CEL,1
414723930.cel,1
GSM9795.CEL,1
GSM9841.CEL,1
GSM9740.CEL,1
GSM110712.CEL,1
484696314.cel,1
353123138.cel,1
GSM33101.CEL,1
GSM79319.CEL,1
507608647.cel,1
GSM110762.CEL,1
GSM79295.CEL,1
GSM30299.CEL,1
GSM86837.cel,1
GSM60130.CEL,1
GSM118808.CEL,1
GSM118999.CEL,1
356373360.cel,1
GSM123229.cel,1
GSM79248.CEL,1
GSM28372.CEL,1
GSM72447.CEL,1
GSM79212.CEL,1
GSM72458.CEL,1
GSM71063.CEL,1
GSM34919.CEL,1
GSM107183.CEL,1
GSM20723.CEL,1
GSM87729.CEL,1
GSM123199.cel,1
GSM40788.CEL,1
GSM123200.cel,1
GSM121373.CEL,1
GSM9728.CEL,1
GSM89510.CEL,1
GSM123205.cel,1
GSM60131.CEL,1
882906131.cel,1
GSM26804.CEL,1
363894414.cel,1
484697575.cel,1
529034638.cel,1
GSM28380.CEL,1
356369785.cel,1
GSM79312.CEL,1
GSM109226.CEL,1
GSM96967.CEL,1
GSM20793.CEL,1
GSM114840.CEL,1
GSM100563.CEL,1
GSM79132.CEL,1
GSM87071.cel,1
922867865.cel,1
GSM9726.CEL,1
GSM79135.CEL,1
GSM20804.CEL,1
GSM92247.CEL,1
GSM86789.cel,1
GSM36442.CEL,1
921401689.cel,1
GSM100532.CEL,1
GSM40994.CEL,1
GSM96966.CEL,1
GSM100506.CEL,1
529032823.cel,1
GSM20932.CEL,1
1176547199.cel,1
882906513.cel,1
GSM79217.CEL,1
GSM48036.CEL,1
GSM34162.CEL,1
353123028.cel,1
GSM26897.CEL,1
529031579.cel,1
GSM26907.CEL,1
GSM110703.CEL,1
GSM110809.CEL,1
GSM107097.CEL,1
481788916.cel,1
529032273.cel,1
GSM107179.CEL,1
GSM42790.CEL,1
GSM79232.CEL,1
GSM40992.CEL,1
GSM129752.CEL,1
GSM72446.CEL,1
GSM30281.CEL,1
GSM30288.CEL,1
GSM87105.cel,1
GSM71021.CEL,1
356358912.cel,1
GSM73443.CEL,1
GSM44705.CEL,1
GSM29747.CEL,1
GSM71078.CEL,1
GSM86801.cel,1
GSM72494.CEL,1
GSM86708.CEL,1
GSM118988.CEL,1
GSM19149.CEL,1
325610755.cel,1
GSM47732.CEL,1
356363394.cel,1
GSM15791.cel,1
GSM96990.CEL,1
GSM26898.CEL,1
GSM42786.CEL,1
GSM9765.CEL,1
GSM87097.cel,1
GSM89543.CEL,1
GSM86710.CEL,1
GSM48103.CEL,1
GSM34937.CEL,1
308148086.cel,1
GSM48100.CEL,1
GSM50780.CEL,1
GSM12067.CEL,1
GSM20762.CEL,1
GSM33092.CEL,1
GSM119053.CEL,1
GSM118990.CEL,1
GSM110715.CEL,1
GSM118864.CEL,1
391747144.cel,1
GSM52668.CEL,1
GSM20803.CEL,1
GSM72419.CEL,1
319983482.cel,1
GSM119052.CEL,1
GSM20779.CEL,1
GSM27088.CEL,1
GSM87119.cel,1
GSM50083.CEL,1
GSM110841.CEL,1
GSM74410.CEL,1
GSM93880.CEL,1
GSM74366.CEL,1
922866937.cel,1
366327880.cel,1
GSM42751.CEL,1
GSM109211.cel,1
333476146.cel,1
GSM86716.CEL,1
GSM118869.CEL,1
307286044.cel,1
GSM22060.CEL,1
GSM47670.CEL,1
366329841.cel,1
350867851.cel,1
308149281.cel,1
GSM89570.CEL,1
484697691.cel,1
GSM100588.CEL,1
GSM110746.CEL,1
GSM100582.CEL,1
GSM87279.CEL,1
GSM50074.CEL,1
GSM73425.CEL,1
GSM20949.CEL,1
863473666.cel,1
GSM80467.CEL,1
484698245.cel,1
GSM118956.CEL,1
GSM110822.CEL,1
GSM110870.CEL,1
GSM119045.CEL,1
GSM20919.CEL,1
391748189.cel,1
GSM79327.CEL,1
GSM118973.CEL,1
333476311.cel,1
484695981.cel,1
GSM121385.CEL,1
GSM100486.CEL,1
480978432.cel,1
GSM19151.CEL,1
GSM47717.CEL,1
GSM20812.CEL,1
GSM15717.CEL,1
GSM52662.CEL,1
GSM30284.CEL,1
GSM23383.CEL,1
GSM50054.CEL,1
507609190.cel,1
GSM100655.CEL,1
GSM42745.CEL,1
GSM107128.CEL,1
GSM72410.CEL,1
GSM87072.cel,1
366332209.cel,1
GSM72456.CEL,1
GSM27549.CEL,1
350867347.cel,1
GSM124992.CEL,1
356360884.cel,1
484698678.cel,1
GSM20916.CEL,1
GSM96968.CEL,1
GSM93883.CEL,1
GSM87113.CEL,1
350866843.cel,1
GSM79166.CEL,1
GSM44694.CEL,1
GSM27068.CEL,1
GSM60919.CEL,1
GSM74360.CEL,1
356364438.cel,1
GSM19086.cel,1
422892978.cel,1
GSM60134.CEL,1
GSM129737.CEL,1
356376492.cel,1
GSM42263.CEL,1
356360304.cel,1
GSM47695.CEL,1
GSM107152.CEL,1
921401657.cel,1
GSM86977.cel,1
GSM72411.CEL,1
674688202.cel,1
GSM47698.CEL,1
GSM29705.CEL,1
GSM100456.CEL,1
GSM86085.CEL,1
GSM107155.CEL,1
GSM72800.CEL,1
GSM100667.CEL,1
GSM100561.CEL,1
GSM52673.CEL,1
GSM34164.CEL,1
GSM79121.CEL,1
GSM114848.CEL,1
GSM47470.CEL,1
GSM110864.CEL,1
GSM121371.CEL,1
GSM100536.CEL,1
GSM118910.CEL,1
356375448.cel,1
GSM27972.CEL,1
GSM123183.cel,1
GSM79153.CEL,1
GSM87285.CEL,1
GSM104488.CEL,1
GSM118767.CEL,1
317334270.cel,1
GSM107174.CEL,1
GSM82392.CEL,1
GSM94317.CEL,1
GSM15392.CEL,1
GSM123251.cel,1
319984699.cel,1
503316169.cel,1
GSM86847.cel,1
541319476.cel,1
GSM118907.CEL,1
GSM100662.CEL,1
GSM51402.CEL,1
GSM107080.CEL,1
GSM30280.CEL,1
GSM20820.CEL,1
GSM38768.CEL,1
480977438.cel,1
GSM92245.CEL,1
GSM100490.CEL,1
GSM47682.CEL,1
GSM41001.CEL,1
919887846.cel,1
GSM100499.CEL,1
GSM27538.CEL,1
529029620.cel,1
GSM86541.CEL,1
GSM121399.CEL,1
GSM44685.CEL,1
502394190.cel,1
GSM20860.CEL,1
GSM92261.CEL,1
317335140.cel,1
GSM118989.CEL,1
356379573.cel,1
391747859.cel,1
484697498.cel,1
GSM118822.CEL,1
GSM123253.cel,1
GSM74362.CEL,1
GSM47873.CEL,1
GSM21707.CEL,1
356358680.cel,1
GSM71054.CEL,1
356368066.cel,1
GSM47461.CEL,1
GSM51392.CEL,1
GSM37146.CEL,1
GSM129747.CEL,1
GSM24660.cel.CEL,1
GSM86937.cel,1
GSM41391.CEL,1
GSM9815.CEL,1
GSM89528.CEL,1
GSM118849.CEL,1
GSM30312.CEL,1
518988346.cel,1
GSM42813.CEL,1
GSM100464.CEL,1
356371409.cel,1
GSM79148.CEL,1
GSM119039.CEL,1
GSM27106.CEL,1
GSM42772.CEL,1
333475761.cel,1
GSM20886.CEL,1
GSM123215.cel,1
503316262.cel,1
GSM107166.CEL,1
333475816.cel,1
GSM97027.CEL,1
350868481.cel,1
GSM72488.CEL,1
GSM15716.CEL,1
GSM26292.CEL,1
GSM33120.CEL,1
366330470.cel,1
GSM110640.CEL,1
GSM72436.CEL,1
GSM3929.CEL,1
GSM93885.CEL,1
GSM97007.CEL,1
GSM82391.CEL,1
GSM100609.CEL,1
GSM109219.cel,1
GSM40785.CEL,1
GSM44682.CEL,1
GSM9864.CEL,1
GSM20942.CEL,1
GSM107077.CEL,1
481789215.cel,1
GSM50018.CEL,1
GSM119004.CEL,1
GSM79197.CEL,1
GSM118872.CEL,1
GSM20810.CEL,1
391747089.cel,1
GSM79288.CEL,1
GSM89576.CEL,1
674688524.cel,1
GSM15689.CEL,1
GSM110650.CEL,1
GSM107086.CEL,1
882907095.cel,1
GSM100531.CEL,1
GSM100551.CEL,1
GSM73423.CEL,1
GSM20905.CEL,1
502393129.cel,1
GSM20787.CEL,1
GSM110781.CEL,1
GSM39814.CEL,1
GSM9653.CEL,1
529030830.cel,1
GSM119002.CEL,1
356373708.cel,1
GSM21718.CEL,1
GSM3992.CEL,1
507608494.cel,1
422893208.cel,1
GSM42802.CEL,1
GSM28369.CEL,1
GSM107203.CEL,1
882906276.cel,1
GSM21227.cel,1
GSM24622.CEL,1
922867681.cel,1
GSM44644.CEL,1
GSM89509.CEL,1
GSM118788.CEL,1
GSM79333.CEL,1
GSM118981.CEL,1
GSM129744.CEL,1
863474054.cel,1
GSM96971.CEL,1
333476476.cel,1
GSM107076.CEL,1
GSM110707.CEL,1
GSM100568.CEL,1
GSM100622.CEL,1
GSM9758.CEL,1
922866801.cel,1
GSM110716.CEL,1
GSM28358.CEL,1
GSM110710.CEL,1
GSM74384.CEL,1
GSM86718.CEL,1
GSM50117.CEL,1
GSM79321.CEL,1
366328028.cel,1
GSM20735.CEL,1
GSM110764.CEL,1
GSM86945.cel,1
GSM100611.CEL,1
GSM87275.CEL,1
GSM48032.CEL,1
356374172.cel,1
GSM50077.CEL,1
308149753.cel,1
GSM24654.cel.CEL,1
GSM34741.CEL,1
356378202.cel,1
GSM44688.CEL,1
GSM118875.CEL,1
GSM129768.CEL,1
GSM79304.CEL,1
529033868.cel,1
GSM89603.CEL,1
GSM24609.CEL,1
GSM75878.CEL,1
GSM47874.CEL,1
GSM89598.CEL,1
GSM86949.cel,1
GSM19167.CEL,1
GSM21206.cel,1
GSM3971.CEL,1
GSM87070.cel,1
GSM110661.CEL,1
GSM71035.CEL,1
507609497.cel,1
GSM104489.CEL,1
GSM42269.CEL,1
518987878.cel,1
GSM118923.CEL,1
GSM89581.CEL,1
GSM86962.cel,1
529032603.cel,1
518988963.cel,1
GSM87083.cel,1
GSM71045.CEL,1
GSM110727.CEL,1
GSM86736.CEL,1
GSM119048.CEL,1
391746209.cel,1
331050232.cel,1
GSM9798.CEL,1
366328139.cel,1
366332172.cel,1
GSM50092.CEL,1
GSM77094.CEL,1
GSM86974.cel,1
366329397.cel,1
GSM27534.CEL,1
GSM89540.CEL,1
GSM79272.CEL,1
GSM9839.CEL,1
GSM26901.CEL,1
GSM87094.cel,1
586619011.cel,1
GSM74363.CEL,1
GSM123261.cel,1
GSM20871.CEL,1
GSM79247.CEL,1
GSM36435.CEL,1
GSM118986.CEL,1
GSM30316.CEL,1
GSM14971.CEL,1
GSM112918.CEL,1
356359724.cel,1
GSM9732.CEL,1
GSM79361.CEL,1
GSM79343.CEL,1
GSM9824.CEL,1
333475706.cel,1
GSM47672.CEL,1
GSM15787.cel,1
GSM47199.CEL,1
922866737.cel,1
GSM86502.CEL,1
484696772.cel,1
GSM72439.CEL,1
GSM86080.CEL,1
529029476.cel,1
GSM20944.CEL,1
GSM4000.CEL,1
507609327.cel,1
GSM100602.CEL,1
GSM72408.CEL,1
GSM20903.CEL,1
GSM22052.CEL,1
GSM110635.CEL,1
674689615.cel,1
GSM21215.cel,1
1102960873.cel,1
356378086.cel,1
GSM20772.CEL,1
GSM86682.CEL,1
GSM82389.CEL,1
356368182.cel,1
GSM89522.CEL,1
882906502.cel,1
GSM123185.cel,1
922866913.cel,1
GSM34934.CEL,1
GSM79169.CEL,1
GSM9716.CEL,1
480978336.cel,1
GSM87104.cel,1
GSM110708.CEL,1
GSM100526.CEL,1
GSM14948.CEL,1
503316397.cel,1
GSM96982.CEL,1
GSM89601.CEL,1
GSM104490.CEL,1
502393963.cel,1
GSM44637.CEL,1
GSM100593.CEL,1
GSM20938.CEL,1
GSM21223.cel,1
GSM21213.cel,1
586619576.cel,1
305933001.cel,1
GSM86845.cel,1
GSM20731.CEL,1
919973866.cel,1
GSM110690.CEL,1
GSM3951.CEL,1
GSM87078.cel,1
GSM100489.CEL,1
GSM123216.cel,1
GSM118929.CEL,1
922867985.cel,1
GSM71031.CEL,1
356372316.cel,1
GSM27966.CEL,1
GSM123225.cel,1
GSM79261.CEL,1
GSM30318.CEL,1
GSM89525.CEL,1
GSM72485.CEL,1
325610987.cel,1
356365461.cel,1
GSM42272.CEL,1
GSM50103.CEL,1
GSM44680.CEL,1
356359608.cel,1
GSM30292.CEL,1
GSM20747.CEL,1
GSM51408.CEL,1
GSM100555.CEL,1
GSM87191.CEL,1
GSM72500.CEL,1
GSM48266.CEL,1
GSM73500.CEL,1
GSM104486.CEL,1
GSM87059.cel,1
518989204.cel,1
GSM86724.CEL,1
922867945.cel,1
325610291.cel,1
GSM74239.CEL,1
GSM3963.CEL,1
366331580.cel,1
GSM86984.cel,1
921401625.cel,1
GSM100664.CEL,1
GSM47733.CEL,1
GSM38629.CEL,1
GSM89575.CEL,1
882906022.cel,1
GSM89584.CEL,1
GSM123248.cel,1
GSM9522.CEL,1
GSM28361.CEL,1
586618841.cel,1
GSM87717.CEL,1
GSM74416.CEL,1
GSM74244.CEL,1
GSM82384.CEL,1
325608957.cel,1
GSM72457.CEL,1
GSM24657.cel.CEL,1
680971508.cel,1
GSM118925.CEL,1
GSM21632.CEL,1
GSM41009.CEL,1
371164511.cel,1
674688154.cel,1
GSM20777.CEL,1
GSM9703.CEL,1
GSM51384.CEL,1
382874745.cel,1
GSM74375.CEL,1
GSM118835.CEL,1
GSM79328.CEL,1
GSM79193.CEL,1
GSM74241.CEL,1
507608961.cel,1
GSM107186.CEL,1
GSM118772.CEL,1
GSM51375.CEL,1
GSM129740.CEL,1
GSM89572.CEL,1
GSM89569.CEL,1
484698175.cel,1
GSM14945.CEL,1
GSM100515.CEL,1
GSM37148.CEL,1
518988360.cel,1
GSM23389.cel,1
493461251.cel,1
GSM110768.CEL,1
333475321.cel,1
GSM20732.CEL,1
529031854.cel,1
350867536.cel,1
1176547148.cel,1
GSM79316.CEL,1
GSM20745.CEL,1
GSM86081.CEL,1
GSM74405.CEL,1
GSM33102.CEL,1
GSM79264.CEL,1
GSM15720.CEL,1
GSM20889.CEL,1
GSM87096.cel,1
GSM38693.CEL,1
307287259.cel,1
GSM50099.CEL,1
518989291.cel,1
356376260.cel,1
GSM20707.CEL,1
GSM71058.CEL,1
GSM119008.CEL,1
GSM107141.CEL,1
GSM118823.CEL,1
GSM110859.CEL,1
GSM9515.CEL,1
518989064.cel,1
GSM110815.CEL,1
GSM104482.CEL,1
GSM20877.CEL,1
GSM79129.CEL,1
GSM100570.CEL,1
GSM97025.CEL,1
GSM110794.CEL,1
GSM47643.CEL,1
GSM129749.CEL,1
GSM123247.cel,1
366327399.cel,1
GSM27101.CEL,1
GSM86815.cel,1
GSM9692.CEL,1
GSM74243.CEL,1
GSM21220.cel,1
GSM50040.CEL,1
GSM89588.CEL,1
674688572.cel,1
GSM123228.cel,1
481789094.cel,1
GSM34920.CEL,1
518988248.cel,1
GSM110869.CEL,1
GSM129746.CEL,1
356362160.cel,1
GSM44653.CEL,1
GSM79314.CEL,1
GSM30840.CEL,1
GSM9713.CEL,1
GSM80462.CEL,1
GSM9657.CEL,1
GSM3988.CEL,1
GSM73444.CEL,1
GSM9724.CEL,1
GSM48029.CEL,1
356370945.cel,1
GSM22053.CEL,1
GSM3931.CEL,1
GSM3941.CEL,1
GSM20728.CEL,1
GSM79300.CEL,1
317334850.cel,1
529030390.cel,1
GSM72461.CEL,1
GSM15728.CEL,1
356376956.cel,1
GSM20963.CEL,1
GSM20759.CEL,1
GSM79174.CEL,1
GSM100539.CEL,1
GSM14953.CEL,1
GSM26883.CEL,1
GSM100455.CEL,1
GSM100524.CEL,1
GSM88295.CEL,1
529032163.cel,1
GSM27962.CEL,1
GSM89507.CEL,1
GSM52672.CEL,1
529030060.cel,1
GSM26884.CEL,1
GSM79344.CEL,1
GSM89520.CEL,1
GSM24618.CEL,1
GSM107188.CEL,1
GSM72426.CEL,1
GSM40988.CEL,1
GSM36433.CEL,1
GSM23417.cel,1
GSM79195.CEL,1
GSM38681.CEL,1
533578710.cel,1
GSM86832.cel,1
GSM30308.CEL,1
GSM109208.cel,1
GSM26294.CEL,1
GSM27098.CEL,1
GSM123202.cel,1
GSM100521.CEL,1
GSM87062.cel,1
GSM110765.CEL,1
GSM119028.CEL,1
GSM47749.CEL,1
GSM74365.CEL,1
674689076.cel,1
GSM48104.CEL,1
GSM42780.CEL,1
GSM79130.CEL,1
GSM92273.CEL,1
GSM110657.CEL,1
922867521.cel,1
GSM79307.CEL,1
GSM50067.CEL,1
356377536.cel,1
GSM23424.cel,1
GSM15748.CEL,1
GSM79270.CEL,1
GSM77101.CEL,1
GSM72438.CEL,1
GSM47725.CEL,1
GSM107122.CEL,1
GSM121367.CEL,1
GSM121357.CEL,1
GSM87719.CEL,1
GSM118994.CEL,1
GSM86083.CEL,1
GSM79201.CEL,1
922867489.cel,1
GSM29748.CEL,1
529032438.cel,1
507608669.cel,1
GSM21203.cel,1
GSM100604.CEL,1
GSM118936.CEL,1
GSM110833.CEL,1
382874511.cel,1
307285789.cel,1
366329989.cel,1
307285959.cel,1
GSM100508.CEL,1
GSM71071.CEL,1
GSM72413.CEL,1
GSM79194.CEL,1
GSM37150.CEL,1
GSM52667.CEL,1
391746979.cel,1
921401649.cel,1
GSM9802.CEL,1
GSM107165.CEL,1
GSM29750.CEL,1
GSM75876.CEL,1
GSM9851.CEL,1
GSM28367.CEL,1
GSM71024.CEL,1
GSM118874.CEL,1
GSM121366.CEL,1
GSM9698.CEL,1
307286117.cel,1
GSM51374.CEL,1
GSM107125.CEL,1
GSM52669.CEL,1
GSM87721.CEL,1
GSM20752.CEL,1
GSM50023.CEL,1
325610001.cel,1
GSM9850.CEL,1
GSM9723.CEL,1
GSM110843.CEL,1
GSM118743.CEL,1
GSM89516.CEL,1
890732386.cel,1
GSM92816.CEL,1
GSM114854.CEL,1
GSM27976.CEL,1
GSM110659.CEL,1
GSM30315.CEL,1
GSM72423.CEL,1
319982999.cel,1
GSM24493.CEL,1
507608761.cel,1
GSM24658.cel.CEL,1
674688296.cel,1
GSM30304.CEL,1
363894111.cel,1
GSM107226.CEL,1
863473795.cel,1
GSM71048.CEL,1
GSM23122.CEL,1
366330877.cel,1
GSM86686.CEL,1
GSM118782.CEL,1
GSM119031.CEL,1
GSM107191.CEL,1
356359144.cel,1
GSM89512.CEL,1
1102961066.cel,1
674688702.cel,1
366331395.cel,1
GSM72399.CEL,1
GSM36425.CEL,1
GSM118821.CEL,1
GSM42779.CEL,1
502393838.cel,1
GSM9807.CEL,1
GSM20720.CEL,1
GSM26871.CEL,1
529030885.cel,1
GSM71068.CEL,1
GSM3998.CEL,1
317334096.cel,1
GSM86082.CEL,1
529032878.cel,1
GSM42806.CEL,1
GSM72435.CEL,1
GSM110836.CEL,1
GSM100494.CEL,1
366329360.cel,1
GSM119037.CEL,1
GSM96981.CEL,1
GSM118790.CEL,1
333475541.cel,1
333475431.cel,1
GSM47210.CEL,1
GSM42251.CEL,1
GSM80471.CEL,1
GSM72451.CEL,1
GSM73455.CEL,1
GSM42268.CEL,1
882906529.cel,1
GSM94304.CEL,1
GSM79162.CEL,1
GSM42814.CEL,1
GSM104481.CEL,1
GSM110792.CEL,1
GSM79235.CEL,1
366332986.cel,1
GSM79292.CEL,1
529030995.cel,1
GSM27066.CEL,1
GSM9812.CEL,1
GSM118756.CEL,1
GSM118953.CEL,1
GSM9842.CEL,1
GSM79269.CEL,1
GSM129754.CEL,1
371161321.cel,1
529029675.cel,1
921401681.cel,1
GSM21212.cel,1
GSM86569.CEL,1
307287199.cel,1
922867081.cel,1
GSM80460.CEL,1
GSM50061.CEL,1
GSM86960.cel,1
366329434.cel,1
GSM79349.CEL,1
GSM47184.CEL,1
GSM15723.CEL,1
GSM15786.cel,1
GSM48271.CEL,1
GSM20821.CEL,1
529032383.cel,1
GSM80475.CEL,1
GSM110672.CEL,1
GSM19152.CEL,1
GSM34146.CEL,1
922867009.cel,1
674688619.cel,1
674689491.cel,1
503316506.cel,1
GSM23377.CEL,1
GSM118974.CEL,1
371161209.cel,1
GSM42172.CEL,1
GSM20789.CEL,1
GSM100483.CEL,1
GSM46395.CEL,1
GSM89519.CEL,1
GSM96965.CEL,1
GSM20808.CEL,1
356378434.cel,1
GSM86816.cel,1
680971491.cel,1
GSM24611.CEL,1
922867465.cel,1
484698731.cel,1
GSM20807.CEL,1
GSM72484.CEL,1
GSM94312.CEL,1
GSM86688.CEL,1
GSM100466.CEL,1
GSM9790.CEL,1
1102960993.cel,1
GSM100500.CEL,1
319983577.cel,1
GSM100594.CEL,1
GSM119021.CEL,1
GSM50121.CEL,1
GSM9744.CEL,1
GSM100657.CEL,1
GSM72414.CEL,1
GSM27065.CEL,1
GSM110701.CEL,1
GSM71032.CEL,1
325609595.cel,1
529033208.cel,1
GSM40777.CEL,1
GSM110774.CEL,1
674688477.cel,1
GSM100579.CEL,1
366330581.cel,1
GSM50127.CEL,1
GSM22066.CEL,1
GSM86986.cel,1
922866505.cel,1
GSM121395.CEL,1
484697913.cel,1
GSM89545.CEL,1
356371873.cel,1
484698219.cel,1
GSM124908.CEL,1
GSM79142.CEL,1
GSM50128.CEL,1
GSM89517.CEL,1
GSM79289.CEL,1
350867032.cel,1
GSM118901.CEL,1
GSM15732.CEL,1
GSM30837.CEL,1
GSM97020.CEL,1
922867713.cel,1
518987718.cel,1
586619719.cel,1
GSM72441.CEL,1
GSM42775.CEL,1
GSM118780.CEL,1
GSM118961.CEL,1
GSM86539.CEL,1
GSM118744.CEL,1
GSM71039.CEL,1
GSM27970.CEL,1
366332135.cel,1
GSM89567.CEL,1
GSM24663.cel.CEL,1
GSM79122.CEL,1
356379341.cel,1
GSM107153.CEL,1
GSM87110.cel,1
GSM107220.CEL,1
GSM79180.CEL,1
GSM47644.CEL,1
366332838.cel,1
GSM51391.CEL,1
GSM9832.CEL,1
GSM89527.CEL,1
586619308.cel,1
356374520.cel,1
GSM50119.CEL,1
GSM107210.CEL,1
GSM123222.cel,1
GSM50093.CEL,1
GSM86946.cel,1
GSM50771.CEL,1
GSM72468.CEL,1
GSM107136.CEL,1
508765076.cel,1
GSM110757.CEL,1
GSM12105.CEL,1
GSM79275.CEL,1
GSM104474.CEL,1
GSM47706.CEL,1
GSM45865.CEL,1
GSM97040.CEL,1
GSM38676.CEL,1
356358332.cel,1
GSM34933.CEL,1
GSM110697.CEL,1
GSM47669.CEL,1
GSM20840.CEL,1
922867305.cel,1
GSM118857.CEL,1
922866673.cel,1
529031050.cel,1
GSM77103.CEL,1
GSM114843.CEL,1
529034143.cel,1
331051372.cel,1
GSM42795.CEL,1
GSM107090.CEL,1
GSM92246.CEL,1
GSM86948.cel,1
518988452.cel,1
GSM9785.CEL,1
GSM47735.CEL,1
GSM48610.CEL,1
GSM50086.CEL,1
356368414.cel,1
GSM50116.CEL,1
GSM15685.CEL,1
674689583.cel,1
518987776.cel,1
GSM34040.CEL,1
529034198.cel,1
325609305.cel,1
882906046.cel,1
484696244.cel,1
GSM79258.CEL,1
GSM72409.CEL,1
GSM74415.CEL,1
GSM20854.CEL,1
305931983.cel,1
922866721.cel,1
325611219.cel,1
GSM20760.CEL,1
GSM24505.CEL,1
GSM36432.CEL,1
GSM118882.CEL,1
GSM9760.CEL,1
GSM118840.CEL,1
391746154.cel,1
GSM87060.cel,1
GSM34944.CEL,1
GSM100472.CEL,1
922867585.cel,1
GSM77105.CEL,1
GSM92271.CEL,1
GSM100460.CEL,1
414724612.cel,1
GSM74361.CEL,1
GSM23382.CEL,1
391748519.cel,1
GSM79237.CEL,1
GSM107145.CEL,1
353122123.cel,1
484696402.cel,1
GSM89550.CEL,1
366331099.cel,1
GSM107158.CEL,1
GSM107072.CEL,1
GSM47646.CEL,1
366332616.cel,1
674688384.cel,1
GSM118793.CEL,1
GSM118794.CEL,1
GSM72493.CEL,1
484696034.cel,1
GSM110666.CEL,1
GSM118746.CEL,1
GSM92257.CEL,1
GSM27957.CEL,1
GSM34747.CEL,1
921401833.cel,1
391746484.cel,1
GSM118980.CEL,1
GSM28382.CEL,1
922867897.cel,1
GSM45859.CEL,1
882907146.cel,1
GSM47663.CEL,1
GSM20902.CEL,1
366329619.cel,1
356367486.cel,1
GSM13416.cel,1
GSM48268.CEL,1
GSM96979.CEL,1
GSM79339.CEL,1
GSM26890.CEL,1
GSM118916.CEL,1
GSM118860.CEL,1
GSM100592.CEL,1
GSM110844.CEL,1
GSM96950.CEL,1
GSM20936.CEL,1
GSM109222.CEL,1
GSM3995.CEL,1
356375680.cel,1
GSM20965.CEL,1
GSM20659.CEL,1
484698069.cel,1
674689382.cel,1
GSM87116.cel,1
366331617.cel,1
GSM87121.cel,1
GSM42805.CEL,1
333475981.cel,1
GSM41344.CEL,1
GSM79229.CEL,1
GSM27075.CEL,1
GSM37488.CEL,1
GSM19083.cel,1
GSM94325.CEL,1
GSM100587.CEL,1
518988949.cel,1
GSM73460.CEL,1
GSM107201.CEL,1
GSM74395.CEL,1
414724331.cel,1
GSM22062.CEL,1
GSM110763.CEL,1
GSM37487.CEL,1
333475486.cel,1
GSM107098.CEL,1
GSM86953.cel,1
GSM93887.CEL,1
GSM86791.cel,1
GSM110625.CEL,1
GSM21210.cel,1
366331654.cel,1
GSM72415.CEL,1
GSM47472.CEL,1
GSM73487.CEL,1
GSM100467.CEL,1
GSM21205.cel,1
GSM21630.CEL,1
GSM107115.CEL,1
GSM20895.CEL,1
GSM21636.CEL,1
GSM109218.cel,1
GSM72444.CEL,1
GSM50060.CEL,1
GSM47649.CEL,1
GSM30297.CEL,1
GSM118898.CEL,1
356367022.cel,1
GSM22051.CEL,1
507609647.cel,1
GSM79183.CEL,1
GSM20930.CEL,1
GSM50030.CEL,1
GSM47875.CEL,1
422895976.cel,1
GSM21218.cel,1
GSM110832.CEL,1
GSM14949.CEL,1
GSM100527.CEL,1
GSM20708.CEL,1
366328509.cel,1
919973839.cel,1
GSM42815.CEL,1
GSM34914.CEL,1
GSM86684.CEL,1
GSM21633.CEL,1
GSM44304.CEL,1
GSM95564.CEL,1
481789272.cel,1
484698837.cel,1
GSM118870.CEL,1
GSM118951.CEL,1
GSM20973.CEL,1
GSM104480.CEL,1
GSM42255.CEL,1
GSM11814.CEL,1
GSM50089.CEL,1
GSM79263.CEL,1
331051429.cel,1
GSM15744.CEL,1
GSM79341.CEL,1
518988160.cel,1
325609653.cel,1
529032933.cel,1
GSM118723.CEL,1
GSM86692.CEL,1
GSM9786.CEL,1
GSM20887.CEL,1
356361000.cel,1
GSM118893.CEL,1
GSM79218.CEL,1
GSM9759.CEL,1
GSM37145.CEL,1
GSM110737.CEL,1
GSM77093.CEL,1
GSM44619.CEL,1
GSM27533.CEL,1
GSM34044.CEL,1
GSM38674.CEL,1
319983672.cel,1
GSM118732.CEL,1
GSM27531.CEL,1
GSM89532.CEL,1
GSM20817.CEL,1
GSM20849.CEL,1
GSM50105.CEL,1
GSM24655.cel.CEL,1
GSM30291.CEL,1
366328176.cel,1
GSM71059.CEL,1
507608988.cel,1
GSM104494.CEL,1
680971457.cel,1
GSM86833.cel,1
GSM87723.CEL,1
366329545.cel,1
307287346.cel,1
308150669.cel,1
484698563.cel,1
GSM40781.CEL,1
518988057.cel,1
484695708.cel,1
481788973.cel,1
GSM27085.CEL,1
GSM79257.CEL,1
922867241.cel,1
366333134.cel,1
503316308.cel,1
882906953.cel,1
GSM86831.cel,1
GSM118753.CEL,1
GSM74400.CEL,1
GSM3937.CEL,1
366330951.cel,1
GSM71067.CEL,1
GSM109212.cel,1
GSM52661.CEL,1
GSM77095.CEL,1
GSM87095.cel,1
GSM118740.CEL,1
GSM30311.CEL,1
GSM50102.CEL,1
533578796.cel,1
GSM87058.cel,1
GSM82387.CEL,1
382874394.cel,1
GSM47699.CEL,1
GSM47203.CEL,1
GSM118846.CEL,1
GSM110673.CEL,1
GSM118885.CEL,1
GSM47211.CEL,1
GSM100554.CEL,1
484695875.cel,1
333475266.cel,1
GSM124905.CEL,1
GSM41343.CEL,1
518988596.cel,1
GSM95565.CEL,1
GSM86712.CEL,1
GSM50111.CEL,1
GSM80472.CEL,1
GSM50081.CEL,1
GSM118791.CEL,1
890732372.cel,1
GSM20691.CEL,1
GSM121358.CEL,1
GSM92263.CEL,1
GSM48034.CEL,1
GSM38695.CEL,1
GSM107101.CEL,1
GSM80520.CEL,1
GSM60918.CEL,1
GSM44677.CEL,1
GSM119056.CEL,1
GSM72474.CEL,1
518988438.cel,1
GSM86565.CEL,1
GSM20888.CEL,1
GSM42265.CEL,1
922866625.cel,1
GSM3947.CEL,1
325611103.cel,1
GSM79120.CEL,1
GSM20712.CEL,1
GSM37492.CEL,1
GSM119016.CEL,1
GSM34738.CEL,1
GSM100826.cel,1
GSM9750.CEL,1
GSM51381.CEL,1
GSM15792.cel,1
922867097.cel,1
GSM72416.CEL,1
484697815.cel,1
GSM15687.CEL,1
529034308.cel,1
GSM37495.CEL,1
GSM47666.CEL,1
366329138.cel,1
GSM15707.CEL,1
GSM97026.CEL,1
GSM100616.CEL,1
518987937.cel,1
GSM72406.CEL,1
GSM123221.cel,1
GSM28357.CEL,1
325609885.cel,1
GSM79157.CEL,1
GSM76886.CEL,1
GSM73499.CEL,1
GSM114846.CEL,1
333475101.cel,1
GSM118809.CEL,1
921401745.cel,1
GSM21631.CEL,1
366328435.cel,1
366328361.cel,1
GSM40792.CEL,1
GSM44674.CEL,1
484697392.cel,1
GSM86571.CEL,1
GSM118996.CEL,1
GSM26913.CEL,1
GSM79326.CEL,1
GSM123193.cel,1
317334560.cel,1
GSM107193.CEL,1
GSM9861.CEL,1
922867569.cel,1
GSM79191.CEL,1
GSM79115.CEL,1
GSM94326.CEL,1
922867001.cel,1
863474104.cel,1
922867545.cel,1
GSM71072.CEL,1
GSM110784.CEL,1
GSM47877.CEL,1
GSM92264.CEL,1
GSM118752.CEL,1
GSM123198.cel,1
GSM89591.CEL,1
529034693.cel,1
307286491.cel,1
GSM114844.CEL,1
GSM74377.CEL,1
GSM87069.cel,1
GSM33115.CEL,1
493461028.cel,1
GSM100639.CEL,1
GSM33118.CEL,1
GSM92252.CEL,1
GSM20722.CEL,1
422896281.cel,1
GSM94319.CEL,1
GSM118919.CEL,1
518988467.cel,1
GSM107229.CEL,1
GSM30294.CEL,1
356358564.cel,1
GSM74397.CEL,1
GSM42781.CEL,1
GSM26879.CEL,1
GSM9701.CEL,1
502393214.cel,1
366327436.cel,1
GSM123226.cel,1
356371757.cel,1
366329101.cel,1
GSM97016.CEL,1
529033703.cel,1
GSM123259.cel,1
GSM15718.CEL,1
391749014.cel,1
GSM86938.cel,1
GSM47721.CEL,1
GSM107126.CEL,1
GSM72450.CEL,1
391745879.cel,1
529031469.cel,1
GSM41014.CEL,1
GSM45854.CEL,1
GSM107192.CEL,1
GSM118995.CEL,1
356364997.cel,1
GSM79181.CEL,1
GSM36430.CEL,1
391746099.cel,1
GSM20892.CEL,1
GSM22064.CEL,1
GSM110665.CEL,1
319984603.cel,1
GSM100513.CEL,1
GSM121398.CEL,1
GSM46542.CEL,1
GSM107222.CEL,1
529033648.cel,1
GSM20690.CEL,1
GSM14960.CEL,1
GSM38688.CEL,1
391747474.cel,1
GSM50082.CEL,1
GSM118992.CEL,1
GSM74393.CEL,1
529034253.cel,1
1176547114.cel,1
GSM110706.CEL,1
GSM79357.CEL,1
921401697.cel,1
GSM28365.CEL,1
GSM94330.CEL,1
GSM88288.CEL,1
GSM118722.CEL,1
GSM3959.CEL,1
GSM110720.CEL,1
GSM39816.CEL,1
GSM86824.cel,1
GSM79323.CEL,1
GSM14944.CEL,1
GSM42179.CEL,1
GSM74355.CEL,1
GSM110854.CEL,1
GSM107176.CEL,1
GSM100621.CEL,1
GSM118947.CEL,1
GSM30298.CEL,1
529030170.cel,1
GSM20948.CEL,1
GSM104495.CEL,1
GSM39817.CEL,1
921401817.cel,1
371164623.cel,1
356363626.cel,1
GSM100626.CEL,1
354960075.cel,1
GSM107135.CEL,1
GSM119012.CEL,1
GSM96995.CEL,1
GSM79276.CEL,1
GSM119017.CEL,1
GSM79313.CEL,1
331051657.cel,1
GSM114853.CEL,1
GSM30841.CEL,1
GSM100511.CEL,1
GSM40789.CEL,1
GSM51380.CEL,1
307285874.cel,1
325609363.cel,1
GSM50120.CEL,1
GSM110827.CEL,1
GSM110651.CEL,1
GSM15688.CEL,1
674689030.cel,1
356364206.cel,1
GSM100617.CEL,1
GSM118817.CEL,1
529031435.cel,1
GSM97047.CEL,1
GSM79259.CEL,1
GSM79253.CEL,1
GSM118897.CEL,1
674689249.cel,1
GSM86813.cel,1
GSM21217.cel,1
GSM96983.CEL,1
GSM37493.CEL,1
GSM44639.CEL,1
GSM110849.CEL,1
GSM42768.CEL,1
507608601.cel,1
508765326.cel,1
366329471.cel,1
366329804.cel,1
GSM9654.CEL,1
GSM42776.CEL,1
GSM87108.cel,1
356380269.cel,1
GSM30306.CEL,1
GSM110702.CEL,1
GSM118845.CEL,1
GSM100599.CEL,1
529031105.cel,1
GSM72490.CEL,1
GSM20917.CEL,1
GSM3965.CEL,1
GSM97000.CEL,1
484697302.cel,1
GSM118819.CEL,1
GSM3943.CEL,1
GSM20734.CEL,1
331051714.cel,1
356377884.cel,1
GSM9524.CEL,1
356376144.cel,1
356360652.cel,1
GSM118765.CEL,1
GSM100628.CEL,1
GSM123260.cel,1
GSM74385.CEL,1
GSM74378.CEL,1
GSM79178.CEL,1
GSM20746.CEL,1
541319355.cel,1
GSM50017.CEL,1
GSM72452.CEL,1
GSM119065.CEL,1
GSM123217.cel,1
GSM60915.CEL,1
GSM34039.CEL,1
391748959.cel,1
GSM24509.CEL,1
GSM33107.CEL,1
GSM47205.CEL,1
356372606.cel,1
GSM74390.CEL,1
GSM14965.CEL,1
GSM89554.CEL,1
GSM100610.CEL,1
GSM42170.CEL,1
529030775.cel,1
GSM44691.CEL,1
GSM110704.CEL,1
GSM50114.CEL,1
GSM121364.CEL,1
GSM41000.CEL,1
GSM15706.CEL,1
922866633.cel,1
GSM80474.CEL,1
GSM74246.CEL,1
GSM100567.CEL,1
GSM107185.CEL,1
391748794.cel,1
GSM40782.CEL,1
GSM118889.CEL,1
GSM96999.CEL,1
366331728.cel,1
481789386.cel,1
GSM110840.CEL,1
518987862.cel,1
GSM60129.CEL,1
GSM9838.CEL,1
GSM97002.CEL,1
366327621.cel,1
GSM86932.cel,1
507608468.cel,1
484697895.cel,1
GSM20710.CEL,1
GSM79126.CEL,1
GSM3927.CEL,1
GSM50027.CEL,1
GSM107162.CEL,1
GSM110753.CEL,1
GSM79301.CEL,1
GSM118855.CEL,1
GSM47662.CEL,1
494754979.cel,1
GSM14940.CEL,1
GSM92821.CEL,1
GSM123255.cel,1
GSM100585.CEL,1
529034088.cel,1
1102961041.cel,1
GSM47723.CEL,1
GSM107124.CEL,1
GSM89573.CEL,1
GSM3945.CEL,1
GSM100666.CEL,1
GSM118783.CEL,1
356366674.cel,1
GSM97003.CEL,1
GSM41003.CEL,1
GSM86793.cel,1
GSM71066.CEL,1
GSM86720.CEL,1
674688753.cel,1
GSM20737.CEL,1
GSM100471.CEL,1
GSM94323.CEL,1
GSM44620.CEL,1
GSM40982.CEL,1
307286406.cel,1
922867321.cel,1
GSM30295.CEL,1
674688843.cel,1
GSM20656.CEL,1
GSM27955.CEL,1
GSM72466.CEL,1
GSM51385.CEL,1
GSM36453.CEL,1
GSM96989.CEL,1
391747969.cel,1
863473739.cel,1
GSM20918.CEL,1
GSM73484.CEL,1
356379921.cel,1
GSM79273.CEL,1
GSM24614.CEL,1
393094659.cel,1
508765307.cel,1
GSM110639.CEL,1
GSM97023.CEL,1
GSM26902.CEL,1
GSM86940.cel,1
371164735.cel,1
GSM46388.CEL,1
GSM89548.CEL,1
356372105.cel,1
529033758.cel,1
GSM118763.CEL,1
GSM28374.CEL,1
356368973.cel,1
GSM89538.CEL,1
863473568.cel,1
518988302.cel,1
GSM89578.CEL,1
GSM100497.CEL,1
GSM44704.CEL,1
356357868.cel,1
GSM110736.CEL,1
GSM74242.CEL,1
922866769.cel,1
GSM71074.CEL,1
GSM110766.CEL,1
GSM51406.CEL,1
353122343.cel,1
484697735.cel,1
GSM50070.CEL,1
GSM118935.CEL,1
307286914.cel,1
GSM119043.CEL,1
331051030.cel,1
356367370.cel,1
GSM75881.CEL,1
GSM15734.CEL,1
GSM45853.CEL,1
GSM15731.CEL,1
484698307.cel,1
GSM118883.CEL,1
GSM33098.CEL,1
GSM89542.CEL,1
GSM100501.CEL,1
921401641.cel,1
GSM86958.cel,1
GSM121384.CEL,1
GSM20841.CEL,1
GSM110830.CEL,1
890732451.cel,1
GSM124993.CEL,1
456418704.cel,1
484696358.cel,1
366331987.cel,1
GSM20952.CEL,1
680971729.cel,1
366330248.cel,1
GSM74381.CEL,1
921401665.cel,1
GSM118847.CEL,1
GSM20814.CEL,1
GSM79116.CEL,1
922867849.cel,1
GSM30293.CEL,1
GSM97012.CEL,1
GSM20827.CEL,1
GSM20706.CEL,1
GSM47656.CEL,1
GSM51386.CEL,1
GSM60917.CEL,1
356377304.cel,1
GSM34939.CEL,1
GSM26888.CEL,1
GSM19092.cel,1
GSM110846.CEL,1
GSM74245.CEL,1
GSM20875.CEL,1
GSM38987.CEL,1
GSM9828.CEL,1
484698325.cel,1
GSM79205.CEL,1
422894219.cel,1
GSM110694.CEL,1
GSM42784.CEL,1
GSM41013.CEL,1
GSM79204.CEL,1
GSM123257.cel,1
1176547233.cel,1
331050916.cel,1
GSM36451.CEL,1
GSM89504.CEL,1
366328324.cel,1
366333060.cel,1
529034528.cel,1
GSM82390.CEL,1
GSM88290.CEL,1
GSM26868.CEL,1
GSM60132.CEL,1
GSM39802.CEL,1
GSM20763.CEL,1
GSM100469.CEL,1
GSM45848.CEL,1
333475156.cel,1
GSM110786.CEL,1
GSM97009.CEL,1
GSM36436.CEL,1
GSM42752.CEL,1
GSM9693.CEL,1
391746044.cel,1
480978140.cel,1
GSM95562.CEL,1
GSM118911.CEL,1
GSM26891.CEL,1
GSM110689.CEL,1
863473905.cel,1
GSM20783.CEL,1
GSM27083.CEL,1
GSM73489.CEL,1
GSM26878.CEL,1
GSM47647.CEL,1
GSM110656.CEL,1
GSM75882.CEL,1
319982126.cel,1
GSM96991.CEL,1
484695822.cel,1
GSM86836.cel,1
GSM119051.CEL,1
GSM100519.CEL,1
356373476.cel,1
GSM20846.CEL,1
GSM86964.cel,1
GSM96963.CEL,1
GSM50019.CEL,1
GSM30285.CEL,1
GSM51387.CEL,1
GSM86678.CEL,1
GSM50045.CEL,1
GSM71033.CEL,1
GSM119040.CEL,1
GSM89503.CEL,1
GSM107103.CEL,1
484697647.cel,1
GSM118991.CEL,1
GSM109214.cel,1
GSM27093.CEL,1
GSM86957.cel,1
GSM72459.CEL,1
GSM15730.CEL,1
GSM20786.CEL,1
GSM72402.CEL,1
674688054.cel,1
922867825.cel,1
GSM79346.CEL,1
GSM44697.CEL,1
GSM15795.cel,1
GSM110678.CEL,1
GSM118796.CEL,1
GSM110754.CEL,1
GSM47209.CEL,1
GSM73439.CEL,1
1102961105.cel,1
GSM100475.CEL,1
GSM79158.CEL,1
GSM20780.CEL,1
356374404.cel,1
518988581.cel,1
502393528.cel,1
GSM97014.CEL,1
GSM42748.CEL,1
GSM118865.CEL,1
GSM34745.CEL,1
GSM100548.CEL,1
308151349.cel,1
GSM3991.CEL,1
GSM118837.CEL,1
GSM15696.CEL,1
922867129.cel,1
GSM12444.CEL,1
586619405.cel,1
GSM44678.CEL,1
356370249.cel,1
GSM89611.CEL,1
GSM110865.CEL,1
GSM14938.CEL,1
507609047.cel,1
319984328.cel,1
GSM20704.CEL,1
GSM110654.CEL,1
319982320.cel,1
GSM94331.CEL,1
GSM92260.CEL,1
GSM9747.CEL,1
GSM9774.CEL,1
GSM20947.CEL,1
GSM42254.CEL,1
GSM26867.CEL,1
GSM118778.CEL,1
GSM20956.CEL,1
GSM50053.CEL,1
GSM121374.CEL,1
GSM9862.CEL,1
GSM20832.CEL,1
507609132.cel,1
GSM20957.CEL,1
GSM118779.CEL,1
GSM110825.CEL,1
GSM89521.CEL,1
GSM47465.CEL,1
391748354.cel,1
391746924.cel,1
484696605.cel,1
GSM71034.CEL,1
507609017.cel,1
529032218.cel,1
333475651.cel,1
GSM118939.CEL,1
GSM4006.CEL,1
325610349.cel,1
502393272.cel,1
922867361.cel,1
GSM86825.cel,1
GSM9827.CEL,1
484698409.cel,1
GSM87064.cel,1
GSM86975.cel,1
GSM92267.CEL,1
GSM52671.CEL,1
GSM118997.CEL,1
GSM79173.CEL,1
507608730.cel,1
GSM26899.CEL,1
529033923.cel,1
GSM107218.CEL,1
GSM87731.CEL,1
GSM34163.CEL,1
391746319.cel,1
GSM72489.CEL,1
882906771.cel,1
GSM79128.CEL,1
GSM108541_EGF2.CEL,1
GSM28360.CEL,1
GSM36427.CEL,1
GSM79271.CEL,1
GSM71043.CEL,1
GSM71036.CEL,1
350867788.cel,1
331051828.cel,1
GSM44702.CEL,1
GSM76888.CEL,1
GSM49953.CEL,1
GSM79172.CEL,1
366331950.cel,1
882906350.cel,1
GSM50130.CEL,1
GSM72492.CEL,1
GSM20686.CEL,1
GSM86968.cel,1
GSM50777.CEL,1
GSM9756.CEL,1
480977898.cel,1
503316218.cel,1
GSM89549.CEL,1
GSM15753.CEL,1
GSM42807.CEL,1
GSM86982.cel,1
GSM34911.CEL,1
GSM38677.CEL,1
503316081.cel,1
GSM107167.CEL,1
GSM9702.CEL,1
GSM20884.CEL,1
GSM97013.CEL,1
GSM114855.CEL,1
GSM100569.CEL,1
GSM100546.CEL,1
GSM20913.CEL,1
GSM24504.CEL,1
1102960831.cel,1
352601718.cel,1
353122288.cel,1
GSM79133.CEL,1
GSM27536.CEL,1
GSM118760.CEL,1
GSM96964.CEL,1
1102960904.cel,1
GSM20934.CEL,1
GSM20847.CEL,1
GSM9661.CEL,1
GSM9834.CEL,1
GSM15709.CEL,1
GSM74352.CEL,1
518988920.cel,1
GSM20939.CEL,1
GSM119011.CEL,1
319982807.cel,1
GSM107087.CEL,1
GSM9704.CEL,1
GSM110683.CEL,1
507608818.cel,1
GSM71022.CEL,1
356375216.cel,1
922866561.cel,1
366332098.cel,1
GSM79297.CEL,1
GSM100482.CEL,1
GSM79227.CEL,1
GSM89564.CEL,1
GSM79143.CEL,1
GSM110831.CEL,1
356370829.cel,1
GSM86844.cel,1
GSM79203.CEL,1
GSM20924.CEL,1
GSM97011.CEL,1
GSM123242.cel,1
353122918.cel,1
GSM27537.CEL,1
919973857.cel,1
518988711.cel,1
GSM97004.CEL,1
529031799.cel,1
GSM118970.CEL,1
GSM123238.cel,1
GSM75877.CEL,1
GSM9763.CEL,1
307286235.cel,1
680971525.cel,1
GSM86988.cel,1
529033153.cel,1
GSM118801.CEL,1
GSM20773.CEL,1
GSM100507.CEL,1
GSM100580.CEL,1
GSM15389.CEL,1
GSM89553.CEL,1
GSM20890.CEL,1
GSM9751.CEL,1
863473541.cel,1
366329323.cel,1
366329212.cel,1
922867625.cel,1
366329508.cel,1
356372954.cel,1
GSM9696.CEL,1
GSM40986.CEL,1
GSM129753.CEL,1
GSM20782.CEL,1
GSM34941.CEL,1
484698442.cel,1
GSM19160.CEL,1
GSM20870.CEL,1
GSM88293.CEL,1
GSM123197.cel,1
882907078.cel,1
GSM119055.CEL,1
GSM49956.CEL,1
GSM20738.CEL,1
382874784.cel,1
GSM79114.CEL,1
GSM96974.CEL,1
GSM42262.CEL,1
GSM21225.cel,1
GSM15727.CEL,1
GSM110796.CEL,1
GSM21211.cel,1
GSM38692.CEL,1
GSM100658.CEL,1
GSM27087.CEL,1
GSM79210.CEL,1
GSM108542_EGF3.CEL,1
GSM79284.CEL,1
319983384.cel,1
414724500.cel,1
GSM110810.CEL,1
480977614.cel,1
GSM72421.CEL,1
484698289.cel,1
GSM71062.CEL,1
GSM74359.CEL,1
GSM44624.CEL,1
518989006.cel,1
305931877.cel,1
GSM36423.CEL,1
507608846.cel,1
GSM118948.CEL,1
484696087.cel,1
GSM9743.CEL,1
GSM107172.CEL,1
GSM86976.cel,1
GSM79233.CEL,1
GSM39808.CEL,1
GSM20687.CEL,1
GSM42793.CEL,1
GSM86933.cel,1
GSM92276.CEL,1
GSM26887.CEL,1
674688430.cel,1
GSM97028.CEL,1
GSM87553.CEL,1
GSM118810.CEL,1
331050403.cel,1
GSM107104.CEL,1
GSM79168.CEL,1
GSM20911.CEL,1
GSM118724.CEL,1
366332542.cel,1
GSM86803.cel,1
GSM20663.CEL,1
GSM3983.CEL,1
GSM118848.CEL,1
GSM50781.CEL,1
366332394.cel,1
GSM15750.CEL,1
GSM110633.CEL,1
GSM72405.CEL,1
922867449.cel,1
GSM114852.CEL,1
366331839.cel,1
863473767.cel,1
350868544.cel,1
GSM51396.CEL,1
GSM119046.CEL,1
356375100.cel,1
GSM19174.CEL,1
GSM79188.CEL,1
GSM79291.CEL,1
GSM100503.CEL,1
GSM97017.CEL,1
GSM110771.CEL,1
422895213.cel,1
GSM96969.CEL,1
GSM118754.CEL,1
1102960797.cel,1
GSM110837.CEL,1
GSM94328.CEL,1
GSM118727.CEL,1
GSM38689.CEL,1
GSM109217.cel,1
484697240.cel,1
393094879.cel,1
GSM107092.CEL,1
GSM87065.cel,1
GSM100583.CEL,1
GSM118728.CEL,1
GSM121368.CEL,1
GSM94321.CEL,1
GSM3973.CEL,1
GSM86794.cel,1
GSM94305.CEL,1
363894241.cel,1
GSM72437.CEL,1
GSM110641.CEL,1
586618939.cel,1
GSM73445.CEL,1
GSM9934.CEL,1
529031943.cel,1
GSM96973.CEL,1
922867913.cel,1
366331765.cel,1
GSM123239.cel,1
GSM100596.CEL,1
GSM34743.CEL,1
503316546.cel,1
GSM118884.CEL,1
489164331.cel,1
352601168.cel,1
GSM123218.cel,1
GSM20739.CEL,1
GSM50041.CEL,1
GSM86809.cel,1
GSM118871.CEL,1
GSM50784.CEL,1
GSM121386.CEL,1
GSM118766.CEL,1
GSM33114.CEL,1
333474936.cel,1
325611161.cel,1
366329767.cel,1
GSM9753.CEL,1
GSM73474.CEL,1
GSM110769.CEL,1
GSM9742.CEL,1
382874628.cel,1
356366442.cel,1
GSM15701.CEL,1
GSM21708.CEL,1
GSM119018.CEL,1
507608414.cel,1
GSM74401.CEL,1
503316590.cel,1
GSM110817.CEL,1
GSM110806.CEL,1
GSM110812.CEL,1
GSM110713.CEL,1
GSM80461.CEL,1
GSM4001.CEL,1
GSM87283.CEL,1
GSM79274.CEL,1
GSM9863.CEL,1
GSM20843.CEL,1
GSM79167.CEL,1
GSM92270.CEL,1
GSM23398.cel,1
GSM38988.CEL,1
GSM110761.CEL,1
GSM34737.CEL,1
GSM118839.CEL,1
GSM107202.CEL,1
GSM107074.CEL,1
882905997.cel,1
354960295.cel,1
GSM30317.CEL,1
GSM97046.CEL,1
GSM40989.CEL,1
GSM87697.CEL,1
GSM42764.CEL,1
922866617.cel,1
GSM100659.CEL,1
GSM50046.CEL,1
GSM96975.CEL,1
GSM50084.CEL,1
GSM79322.CEL,1
480977383.cel,1
GSM36429.CEL,1
GSM9731.CEL,1
502393446.cel,1
922867777.cel,1
GSM118941.CEL,1
GSM9801.CEL,1
484696218.cel,1
GSM118902.CEL,1
GSM73502.CEL,1
331455923.cel,1
356359956.cel,1
GSM3955.CEL,1
GSM27077.CEL,1
GSM34932.CEL,1
GSM89530.CEL,1
325609073.cel,1
863474079.cel,1
GSM42763.CEL,1
GSM15749.CEL,1
GSM82383.CEL,1
484696790.cel,1
GSM86084.CEL,1
GSM92240.CEL,1
529033318.cel,1
GSM86714.CEL,1
GSM47728.CEL,1
GSM15708.CEL,1
371164791.cel,1
GSM50066.CEL,1
371164567.cel,1
GSM22056.CEL,1
GSM87067.cel,1
GSM109205.cel,1
GSM107132.CEL,1
GSM52676.CEL,1
GSM119042.CEL,1
GSM107164.CEL,1
GSM94314.CEL,1
GSM20851.CEL,1
GSM15742.CEL,1
GSM86985.cel,1
GSM118721.CEL,1
GSM46541.CEL,1
GSM45863.CEL,1
GSM9933.CEL,1
GSM107095.CEL,1
GSM123234.cel,1
922866953.cel,1
GSM79125.CEL,1
319983768.cel,1
GSM110857.CEL,1
GSM37151.CEL,1
GSM89563.CEL,1
GSM9783.CEL,1
GSM118876.CEL,1
GSM100649.CEL,1
GSM86726.CEL,1
GSM87711.CEL,1
GSM26869.CEL,1
GSM40791.CEL,1
GSM87193.CEL,1
GSM27546.CEL,1
GSM19166.CEL,1
919973848.cel,1
356370713.cel,1
GSM87713.CEL,1
GSM38675.CEL,1
GSM52681.CEL,1
GSM110791.CEL,1
GSM79359.CEL,1
484697020.cel,1
GSM15694.CEL,1
GSM79179.CEL,1
305932189.cel,1
507608520.cel,1
GSM118757.CEL,1
307286629.cel,1
GSM89546.CEL,1
GSM100565.CEL,1
GSM9755.CEL,1
GSM42103.CEL,1
890732438.cel,1
GSM30838.CEL,1
GSM24652.cel.CEL,1
305932903.cel,1
474068159.cel,1
GSM72491.CEL,1
GSM86931.cel,1
GSM87709.CEL,1
GSM89609.CEL,1
GSM119000.CEL,1
GSM110744.CEL,1
GSM39801.CEL,1
GSM118963.CEL,1
GSM121381.CEL,1
GSM100654.CEL,1
GSM36439.CEL,1
GSM87074.cel,1
586619623.cel,1
484696446.cel,1
GSM48611.CEL,1
GSM79175.CEL,1
GSM42750.CEL,1
GSM14954.CEL,1
366332690.cel,1
529029531.cel,1
GSM100668.CEL,1
GSM100670.CEL,1
GSM45730.CEL,1
GSM79228.CEL,1
GSM14969.CEL,1
GSM20655.CEL,1
GSM21219.cel,1
GSM89533.CEL,1
GSM27082.CEL,1
GSM37486.CEL,1
GSM107217.CEL,1
GSM107227.CEL,1
529029895.cel,1
GSM45849.CEL,1
GSM9715.CEL,1
GSM72498.CEL,1
GSM48269.CEL,1
GSM20809.CEL,1
GSM72394.CEL,1
GSM114841.CEL,1
GSM87725.CEL,1
GSM24666.cel.CEL,1
391748079.cel,1
319984153.cel,1
422893957.cel,1
922866785.cel,1
484698377.cel,1
GSM9847.CEL,1
GSM79334.CEL,1
GSM96998.CEL,1
356374636.cel,1
GSM26912.CEL,1
366328583.cel,1
GSM100562.CEL,1
922868009.cel,1
GSM26290.CEL,1
GSM47463.CEL,1
GSM110800.CEL,1
GSM100665.CEL,1
GSM79223.CEL,1
366332764.cel,1
GSM15691.CEL,1
GSM42778.CEL,1
308151584.cel,1
GSM34917.CEL,1
366330100.cel,1
GSM40780.CEL,1
GSM100518.CEL,1
GSM86840.cel,1
GSM86567.CEL,1
366332801.cel,1
GSM87089.cel,1
863474004.cel,1
356368646.cel,1
GSM100542.CEL,1
GSM15733.CEL,1
356377652.cel,1
GSM100544.CEL,1
GSM100615.CEL,1
GSM118814.CEL,1
GSM51378.CEL,1
GSM118930.CEL,1
GSM12399.CEL,1
GSM37144.CEL,1
GSM23425.cel,1
325611335.cel,1
GSM47691.CEL,1
GSM79325.CEL,1
GSM9784.CEL,1
GSM74402.CEL,1
GSM20830.CEL,1
GSM47648.CEL,1
GSM3935.CEL,1
356372838.cel,1
GSM119027.CEL,1
GSM72472.CEL,1
GSM86955.cel,1
308150893.cel,1
GSM89506.CEL,1
GSM100476.CEL,1
GSM44687.CEL,1
GSM21715.CEL,1
GSM107230.CEL,1
GSM20726.CEL,1
GSM96953.CEL,1
GSM79329.CEL,1
GSM107123.CEL,1
GSM79152.CEL,1
GSM20972.CEL,1
GSM20901.CEL,1
GSM15700.CEL,1
GSM110802.CEL,1
922867969.cel,1
GSM107157.CEL,1
GSM42257.CEL,1
GSM50782.CEL,1
GSM34930.CEL,1
GSM36431.CEL,1
921401633.cel,1
GSM86947.cel,1
356376724.cel,1
GSM110779.CEL,1
GSM50132.CEL,1
GSM107113.CEL,1
507608322.cel,1
GSM50051.CEL,1
GSM110798.CEL,1
GSM9762.CEL,1
GSM24610.CEL,1
GSM50107.CEL,1
GSM20927.CEL,1
414724066.cel,1
GSM44633.CEL,1
484696658.cel,1
GSM118957.CEL,1
GSM107089.CEL,1
GSM79358.CEL,1
GSM50094.CEL,1
GSM87081.cel,1
GSM118842.CEL,1
484697064.cel,1
356357520.cel,1
922867073.cel,1
319982223.cel,1
GSM100459.CEL,1
GSM38767.CEL,1
502393341.cel,1
GSM97045.CEL,1
GSM24502.CEL,1
GSM20778.CEL,1
GSM100495.CEL,1
GSM42747.CEL,1
GSM87277.CEL,1
GSM110743.CEL,1
GSM47752.CEL,1
529030225.cel,1
356363742.cel,1
484697779.cel,1
GSM71023.CEL,1
GSM119029.CEL,1
GSM107121.CEL,1
GSM36448.CEL,1
GSM15745.CEL,1
GSM26876.CEL,1
GSM34042.CEL,1
GSM79290.CEL,1
GSM118833.CEL,1
GSM118803.CEL,1
GSM97021.CEL,1
GSM36445.CEL,1
GSM96984.CEL,1
GSM20818.CEL,1
GSM48035.CEL,1
GSM14936.CEL,1
GSM20800.CEL,1
GSM118844.CEL,1
GSM118838.CEL,1
GSM79320.CEL,1
317335256.cel,1
356372490.cel,1
325609769.cel,1
GSM19088.cel,1
GSM3967.CEL,1
GSM123246.cel,1
GSM60144.CEL,1
GSM46394.CEL,1
GSM74248.CEL,1
GSM72473.CEL,1
GSM121363.CEL,1
GSM3990.CEL,1
307285721.cel,1
GSM100525.CEL,1
GSM118795.CEL,1
484697374.cel,1
GSM123250.cel,1
GSM30302.CEL,1
GSM110711.CEL,1
GSM118984.CEL,1
GSM48030.CEL,1
GSM79176.CEL,1
GSM107199.CEL,1
GSM129763.CEL,1
GSM30310.CEL,1
GSM110783.CEL,1
356358216.cel,1
GSM100831.cel,1
GSM110821.CEL,1
GSM87091.cel,1
422894669.cel,1
GSM100620.CEL,1
GSM50059.CEL,1
GSM94311.CEL,1
GSM129731.CEL,1
GSM20771.CEL,1
GSM107078.CEL,1
GSM15738.CEL,1
GSM9722.CEL,1
356380501.cel,1
GSM26289.CEL,1
GSM51382.CEL,1
GSM20946.CEL,1
GSM44673.CEL,1
GSM118867.CEL,1
GSM46383.CEL,1
GSM118787.CEL,1
307287431.cel,1
GSM109216.cel,1
GSM121361.CEL,1
325609189.cel,1
GSM118806.CEL,1
356358448.cel,1
GSM123204.cel,1
GSM110816.CEL,1
GSM79147.CEL,1
GSM100660.CEL,1
GSM9711.CEL,1
GSM20897.CEL,1
366330988.cel,1
GSM9776.CEL,1
529031325.cel,1
GSM79146.CEL,1
GSM71026.CEL,1
319982614.cel,1
GSM87076.cel,1
325610233.cel,1
480977771.cel,1
GSM72395.CEL,1
GSM15702.CEL,1
366331173.cel,1
GSM26874.CEL,1
GSM40784.CEL,1
GSM44621.CEL,1
350867095.cel,1
GSM9754.CEL,1
GSM13418.cel,1
GSM50106.CEL,1
GSM15741.CEL,1
GSM21221.cel,1
366328546.cel,1
GSM92268.CEL,1
GSM20874.CEL,1
GSM73485.CEL,1
GSM20880.CEL,1
882906895.cel,1
GSM118768.CEL,1
GSM110669.CEL,1
GSM110692.CEL,1
GSM72465.CEL,1
GSM89508.CEL,1
1102961017.cel,1
882906557.cel,1
922867169.cel,1
GSM23395.cel,1
922866841.cel,1
GSM15755.CEL,1
GSM19087.cel,1
GSM96997.CEL,1
GSM19096.cel,1
GSM44701.CEL,1
GSM87073.cel,1
GSM42104.CEL,1
529029730.cel,1
GSM38765.CEL,1
586619156.cel,1
GSM86779.CEL,1
GSM89610.CEL,1
GSM44675.CEL,1
GSM118851.CEL,1
503316125.cel,1
GSM28373.CEL,1
922866753.cel,1
GSM87693.CEL,1
GSM44690.CEL,1
674689703.cel,1
366331284.cel,1
GSM87117.cel,1
GSM39805.CEL,1
GSM71073.CEL,1
GSM97024.CEL,1
507608789.cel,1
GSM87102.cel,1
GSM129733.CEL,1
529032658.cel,1
GSM86814.cel,1
GSM110748.CEL,1
GSM20955.CEL,1
GSM23385.cel,1
GSM20912.CEL,1
366332505.cel,1
GSM97039.CEL,1
GSM119936.CEL,1
GSM129767.CEL,1
GSM118861.CEL,1
366330211.cel,1
484697877.cel,1
308148816.cel,1
GSM27108.CEL,1
GSM110824.CEL,1
GSM38679.CEL,1
GSM24503.CEL,1
366329878.cel,1
GSM89535.CEL,1
GSM123244.cel,1
GSM26903.CEL,1
GSM72404.CEL,1
GSM110632.CEL,1
366332431.cel,1
GSM15790.cel,1
GSM48106.CEL,1
GSM108544_S1P2.CEL,1
366327954.cel,1
GSM123203.cel,1
GSM94316.CEL,1
GSM119036.CEL,1
GSM87281.CEL,1
GSM87079.cel,1
GSM9700.CEL,1
GSM124909.CEL,1
GSM20906.CEL,1
GSM89515.CEL,1
GSM20794.CEL,1
GSM110749.CEL,1
GSM50034.CEL,1
GSM20819.CEL,1
GSM42260.CEL,1
GSM36454.CEL,1
GSM9738.CEL,1
GSM46539.CEL,1
GSM26914.CEL,1
GSM118943.CEL,1
GSM42766.CEL,1
356361928.cel,1
GSM89513.CEL,1
GSM79124.CEL,1
GSM118827.CEL,1
GSM97031.CEL,1
GSM28386.CEL,1
GSM4003.CEL,1
GSM15739.CEL,1
GSM97030.CEL,1
GSM100650.CEL,1
GSM29749.CEL,1
922867209.cel,1
GSM118960.CEL,1
518989136.cel,1
922866969.cel,1
356357636.cel,1
GSM100485.CEL,1
356367834.cel,1
356378318.cel,1
325609421.cel,1
882906235.cel,1
GSM79356.CEL,1
GSM20743.CEL,1
GSM34929.CEL,1
317334966.cel,1
GSM107208.CEL,1
GSM97010.CEL,1
680971474.cel,1
GSM74383.CEL,1
GSM50122.CEL,1
333476531.cel,1
GSM89595.CEL,1
GSM110747.CEL,1
GSM9778.CEL,1
480978301.cel,1
GSM87699.CEL,1
GSM87068.cel,1
356379457.cel,1
GSM107137.CEL,1
GSM79250.CEL,1
GSM79246.CEL,1
529029167.cel,1
GSM107194.CEL,1
GSM118769.CEL,1
GSM20943.CEL,1
GSM129756.CEL,1
GSM40983.CEL,1
GSM79163.CEL,1
GSM118774.CEL,1
GSM119057.CEL,1
366330766.cel,1
GSM100462.CEL,1
GSM22059.CEL,1
GSM121379.CEL,1
GSM110738.CEL,1
GSM9820.CEL,1
GSM96972.CEL,1
GSM20770.CEL,1
GSM37489.CEL,1
GSM24661.cel.CEL,1
GSM15740.CEL,1
GSM118836.CEL,1
GSM100603.CEL,1
GSM118807.CEL,1
GSM27079.CEL,1
308149514.cel,1
GSM77099.CEL,1
GSM118762.CEL,1
GSM118831.CEL,1
529033813.cel,1
GSM28381.CEL,1
GSM71065.CEL,1
GSM79355.CEL,1
GSM3993.CEL,1
GSM21706.CEL,1
431881878.cel,1
GSM79345.CEL,1
GSM107079.CEL,1
GSM42791.CEL,1
GSM110759.CEL,1
GSM50101.CEL,1
366331358.cel,1
484696499.cel,1
GSM20876.CEL,1
GSM26880.CEL,1
GSM15746.CEL,1
GSM110668.CEL,1
GSM79351.CEL,1
391746429.cel,1
GSM74408.CEL,1
GSM110693.CEL,1
GSM72469.CEL,1
GSM88283.CEL,1
GSM118750.CEL,1
GSM110814.CEL,1
GSM40999.CEL,1
GSM89502.CEL,1
507609385.cel,1
GSM118755.CEL,1
GSM20661.CEL,1
GSM36438.CEL,1
GSM121365.CEL,1
GSM20839.CEL,1
GSM50779.CEL,1
GSM42757.CEL,1
922866601.cel,1
GSM72445.CEL,1
GSM21230.cel,1
GSM107178.CEL,1
GSM79117.CEL,1
GSM94327.CEL,1
GSM50044.CEL,1
480978237.cel,1
GSM92255.CEL,1
922867729.cel,1
922867641.cel,1
GSM87063.cel,1
GSM123192.cel,1
GSM79230.CEL,1
GSM89558.CEL,1
GSM15754.CEL,1
GSM22069.CEL,1
GSM118828.CEL,1
GSM118900.CEL,1
GSM123210.cel,1
GSM110808.CEL,1
GSM48272.CEL,1
GSM45858.CEL,1
350866780.cel,1
GSM100528.CEL,1
GSM42246.CEL,1
GSM74409.CEL,1
GSM119019.CEL,1
484697524.cel,1
456418526.cel,1
484697320.cel,1
GSM71052.CEL,1
GSM20958.CEL,1
GSM94315.CEL,1
GSM20744.CEL,1
GSM123189.cel,1
GSM20703.CEL,1
674689335.cel,1
GSM110767.CEL,1
GSM26908.CEL,1
GSM123209.cel,1
352601938.cel,1
331050289.cel,1
325608899.cel,1
GSM37485.CEL,1
382874976.cel,1
GSM21209.cel,1
GSM47705.CEL,1
353122178.cel,1
484697797.cel,1
356361464.cel,1
GSM20845.CEL,1
GSM20909.CEL,1
494755067.cel,1
GSM118816.CEL,1
GSM20764.CEL,1
GSM42753.CEL,1
GSM89561.CEL,1
890732425.cel,1
GSM79186.CEL,1
1102961177.cel,1
305932801.cel,1
GSM72463.CEL,1
391747419.cel,1
GSM42743.CEL,1
333476036.cel,1
494755023.cel,1
GSM20816.CEL,1
GSM96951.CEL,1
GSM24497.CEL,1
484698519.cel,1
GSM44686.CEL,1
371164847.cel,1
GSM92814.CEL,1
GSM89577.CEL,1
GSM19162.CEL,1
GSM52680.CEL,1
GSM20811.CEL,1
GSM79362.CEL,1
GSM110758.CEL,1
GSM27960.CEL,1
GSM20719.CEL,1
GSM119034.CEL,1
GSM27965.CEL,1
GSM3933.CEL,1
GSM110723.CEL,1
GSM79342.CEL,1
325610117.cel,1
GSM79279.CEL,1
GSM20920.CEL,1
GSM38687.CEL,1
GSM129736.CEL,1
529034033.cel,1
484696870.cel,1
382875024.cel,1
GSM72453.CEL,1
331051315.cel,1
371164455.cel,1
GSM100829.cel,1
922867881.cel,1
GSM51397.CEL,1
GSM107159.CEL,1
GSM123256.cel,1
GSM110872.CEL,1
GSM50049.CEL,1
325609131.cel,1
GSM34926.CEL,1
GSM118747.CEL,1
GSM110630.CEL,1
GSM20695.CEL,1
GSM34043.CEL,1
GSM86963.cel,1
GSM20923.CEL,1
GSM9843.CEL,1
GSM79165.CEL,1
1176547131.cel,1
GSM37147.CEL,1
GSM3999.CEL,1
GSM86802.cel,1
319982710.cel,1
GSM89606.CEL,1
GSM42761.CEL,1
GSM121369.CEL,1
GSM3984.CEL,1
GSM79283.CEL,1
GSM118969.CEL,1
GSM20730.CEL,1
GSM23384.CEL,1
391748684.cel,1
GSM19170.CEL,1
GSM41002.CEL,1
480978020.cel,1
GSM118952.CEL,1
GSM27107.CEL,1
GSM73442.CEL,1
GSM33116.CEL,1
674688226.cel,1
GSM21228.cel,1
GSM87066.cel,1
391748464.cel,1
GSM93889.CEL,1
GSM75879.CEL,1
GSM72428.CEL,1
GSM110652.CEL,1
GSM20775.CEL,1
529033978.cel,1
GSM110860.CEL,1
356376376.cel,1
GSM118749.CEL,1
GSM79337.CEL,1
GSM9831.CEL,1
GSM60916.CEL,1
GSM33106.CEL,1
GSM107184.CEL,1
GSM123224.cel,1
GSM79161.CEL,1
GSM14955.CEL,1
GSM86939.cel,1
529032548.cel,1
356366906.cel,1
GSM46389.CEL,1
GSM86961.cel,1
GSM42259.CEL,1
GSM73457.CEL,1
GSM73440.CEL,1
305933701.cel,1
GSM33119.CEL,1
GSM118937.CEL,1
GSM110660.CEL,1
331050745.cel,1
518988190.cel,1
GSM110793.CEL,1
GSM112921.CEL,1
GSM9852.CEL,1
356375796.cel,1
331051144.cel,1
325610813.cel,1
GSM96980.CEL,1
GSM79160.CEL,1
GSM129769.CEL,1
GSM39803.CEL,1
484698122.cel,1
GSM20865.CEL,1
GSM14950.CEL,1
GSM39813.CEL,1
GSM71050.CEL,1
GSM92253.CEL,1
GSM48028.CEL,1
GSM28364.CEL,1
GSM71037.CEL,1
GSM15711.CEL,1
GSM50062.CEL,1
GSM50075.CEL,1
356371525.cel,1
GSM15757.CEL,1
366333282.cel,1
GSM44638.CEL,1
GSM86694.CEL,1
GSM129732.CEL,1
921401761.cel,1
GSM47743.CEL,1
GSM107148.CEL,1
586619332.cel,1
GSM21716.CEL,1
GSM121362.CEL,1
GSM60137.CEL,1
GSM50124.CEL,1
GSM14961.CEL,1
GSM42782.CEL,1
529031160.cel,1
GSM36446.CEL,1
GSM41011.CEL,1
921401785.cel,1
GSM107177.CEL,1
GSM38691.CEL,1
GSM15697.CEL,1
319984250.cel,1
GSM89607.CEL,1
GSM21229.cel,1
GSM50078.CEL,1
GSM48101.CEL,1
GSM23373.CEL,1
GSM34928.CEL,1
GSM71057.CEL,1
GSM121389.CEL,1
480978370.cel,1
GSM80469.CEL,1
GSM114847.CEL,1
GSM118938.CEL,1
GSM44696.CEL,1
GSM118852.CEL,1
GSM9699.CEL,1
GSM52675.CEL,1
GSM107131.CEL,1
GSM9837.CEL,1
GSM47744.CEL,1
GSM86696.CEL,1
GSM34916.CEL,1
484697196.cel,1
GSM118934.CEL,1
GSM118805.CEL,1
GSM123196.cel,1
GSM110797.CEL,1
518988798.cel,1
GSM118914.CEL,1
GSM110820.CEL,1
GSM44681.CEL,1
GSM86812.cel,1
GSM74373.CEL,1
366328102.cel,1
GSM110828.CEL,1
GSM42765.CEL,1
GSM110675.CEL,1
GSM9514.CEL,1
GSM50090.CEL,1
GSM20966.CEL,1
GSM48267.CEL,1
GSM107224.CEL,1
GSM72449.CEL,1
GSM100598.CEL,1
GSM20953.CEL,1
GSM20922.CEL,1
GSM110838.CEL,1
317334792.cel,1
GSM121370.CEL,1
GSM87109.cel,1
391747804.cel,1
GSM118904.CEL,1
GSM49957.CEL,1
GSM110858.CEL,1
319982516.cel,1
GSM50064.CEL,1
GSM110724.CEL,1
GSM42271.CEL,1
GSM73461.CEL,1
GSM118820.CEL,1
GSM118968.CEL,1
GSM9694.CEL,1
GSM107118.CEL,1
GSM86981.cel,1
354960350.cel,1
371161489.cel,1
GSM3997.CEL,1
319983096.cel,1
366333023.cel,1
GSM51377.CEL,1
356380037.cel,1
422897010.cel,1
GSM87075.cel,1
GSM92820.CEL,1
GSM79251.CEL,1
GSM80463.CEL,1
GSM71028.CEL,1
GSM28371.CEL,1
GSM118745.CEL,1
GSM42758.CEL,1
333474991.cel,1
GSM94309.CEL,1
507608546.cel,1
GSM107214.CEL,1
919887829.cel,1
GSM100573.CEL,1
GSM47730.CEL,1
GSM20855.CEL,1
GSM86928.cel,1
GSM73504.CEL,1
GSM50123.CEL,1
356373592.cel,1
GSM96952.CEL,1
GSM28362.CEL,1
GSM100673.CEL,1
331051942.cel,1
GSM107170.CEL,1
GSM79242.CEL,1
GSM86841.cel,1
529031215.cel,1
GSM79185.CEL,1
GSM71077.CEL,1
GSM71025.CEL,1
GSM20925.CEL,1
307286175.cel,1
GSM44630.CEL,1
GSM96985.CEL,1
GSM33094.CEL,1
507609358.cel,1
GSM42799.CEL,1
GSM89544.CEL,1
GSM96987.CEL,1
317335024.cel,1
GSM107147.CEL,1
366327991.cel,1
529031689.cel,1
GSM24499.CEL,1
518987894.cel,1
366332283.cel,1
325610697.cel,1
GSM9532.CEL,1
GSM9814.CEL,1
393094824.cel,1
GSM20858.CEL,1
518987952.cel,1
366327695.cel,1
GSM100601.CEL,1
GSM100597.CEL,1
353122398.cel,1
882906922.cel,1
391747694.cel,1
GSM38683.CEL,1
308148579.cel,1
GSM119064.CEL,1
GSM88291.CEL,1
529032988.cel,1
560131405.cel,1
GSM79164.CEL,1
GSM46386.CEL,1
GSM129766.CEL,1
GSM86927.cel,1
391748574.cel,1
391747309.cel,1
GSM48102.CEL,1
GSM107127.CEL,1
GSM47720.CEL,1
356361812.cel,1
GSM79216.CEL,1
GSM110705.CEL,1
GSM26872.CEL,1
GSM92259.CEL,1
GSM40997.CEL,1
GSM96988.CEL,1
GSM82381.CEL,1
GSM100566.CEL,1
GSM100637.CEL,1
GSM107110.CEL,1
366329027.cel,1
352601828.cel,1
922867345.cel,1
GSM118890.CEL,1
GSM100631.CEL,1
366329582.cel,1
GSM79159.CEL,1
GSM94329.CEL,1
GSM30836.CEL,1
333475046.cel,1
GSM34140.CEL,1
494754891.cel,1
GSM89580.CEL,1
GSM48098.CEL,1
331051201.cel,1
391745934.cel,1
GSM33122.CEL,1
GSM104479.CEL,1
680971678.cel,1
GSM110756.CEL,1
GSM118942.CEL,1
GSM118800.CEL,1
GSM79240.CEL,1
GSM9780.CEL,1
366332949.cel,1
GSM89529.CEL,1
GSM20891.CEL,1
350868733.cel,1
GSM72495.CEL,1
GSM89612.CEL,1
GSM109210.cel,1
GSM79311.CEL,1
GSM44578.CEL,1
480977833.cel,1
GSM27072.CEL,1
586619429.cel,1
GSM79299.CEL,1
GSM118954.CEL,1
GSM123208.cel,1
GSM121380.CEL,1
382874830.cel,1
356364322.cel,1
494753975.cel,1
541319562.cel,1
GSM24510.CEL,1
GSM50025.CEL,1
GSM60920.CEL,1
GSM15789.cel,1
308150443.cel,1
539406730.cel,1
GSM50024.CEL,1
GSM39809.CEL,1
GSM33099.CEL,1
GSM9810.CEL,1
GSM118811.CEL,1
GSM118863.CEL,1
507609243.cel,1
GSM79150.CEL,1
GSM123182.cel,1
922867697.cel,1
391748629.cel,1
GSM75884.CEL,1
GSM42250.CEL,1
GSM87084.cel,1
356363974.cel,1
GSM9779.CEL,1
GSM107150.CEL,1
GSM44703.CEL,1
GSM79215.CEL,1
GSM76876.CEL,1
GSM9746.CEL,1
GSM21224.cel,1
GSM42792.CEL,1
GSM119058.CEL,1
331050802.cel,1
484696746.cel,1
GSM118906.CEL,1
366329915.cel,1
GSM100832.cel,1
317335198.cel,1
GSM118812.CEL,1
GSM51376.CEL,1
GSM79294.CEL,1
GSM110722.CEL,1
GSM100614.CEL,1
GSM9805.CEL,1
GSM73486.CEL,1
507609555.cel,1
305933598.cel,1
GSM110741.CEL,1
GSM118775.CEL,1
352601608.cel,1
356362951.cel,1
GSM79139.CEL,1
GSM129758.CEL,1
GSM107107.CEL,1
GSM9714.CEL,1
391746704.cel,1
414723791.cel,1
356360536.cel,1
GSM40998.CEL,1
GSM118859.CEL,1
GSM97008.CEL,1
GSM79245.CEL,1
GSM74369.CEL,1
GSM97005.CEL,1
GSM86728.CEL,1
GSM42080.CEL,1
GSM20700.CEL,1
GSM20866.CEL,1
GSM107216.CEL,1
GSM72798.CEL,1
GSM86704.CEL,1
GSM110773.CEL,1
GSM38682.CEL,1
317334502.cel,1
GSM107093.CEL,1
308148346.cel,1
356379689.cel,1
356365229.cel,1
325610581.cel,1
GSM100671.CEL,1
GSM118945.CEL,1
GSM40775.CEL,1
GSM119013.CEL,1
GSM89560.CEL,1
503316471.cel,1
529034473.cel,1
GSM60138.CEL,1
391747749.cel,1
GSM20742.CEL,1
GSM30305.CEL,1
GSM119026.CEL,1
GSM50055.CEL,1
GSM74382.CEL,1
GSM123188.cel,1
GSM34925.CEL,1
GSM52678.CEL,1
GSM79231.CEL,1
366328657.cel,1
GSM87123.cel,1
GSM40787.CEL,1
307286321.cel,1
GSM110729.CEL,1
GSM100648.CEL,1
GSM96993.CEL,1
GSM124910.CEL,1
366331913.cel,1
GSM19090.cel,1
391746759.cel,1
GSM123254.cel,1
GSM87088.cel,1
GSM50131.CEL,1
GSM79352.CEL,1
305933093.cel,1
529030445.cel,1
GSM9932.CEL,1
518988374.cel,1
305933802.cel,1
674688666.cel,1
GSM22065.CEL,1
356369321.cel,1
331051885.cel,1
GSM9741.CEL,1
GSM86804.cel,1
GSM9721.CEL,1
GSM87707.CEL,1
GSM118868.CEL,1
586619647.cel,1
GSM121387.CEL,1
366330359.cel,1
GSM48612.CEL,1
GSM19383.CEL,1
GSM96958.CEL,1
518988726.cel,1
GSM20883.CEL,1
674689656.cel,1
305933193.cel,1
674688107.cel,1
GSM50036.CEL,1
GSM44671.CEL,1
484697436.cel,1
GSM80466.CEL,1
GSM118761.CEL,1
GSM3987.CEL,1
GSM74364.CEL,1
GSM71049.CEL,1
GSM73424.CEL,1
GSM74376.CEL,1
GSM38694.CEL,1
GSM23386.cel,1
GSM86980.cel,1
GSM107146.CEL,1
GSM73426.CEL,1
GSM34740.CEL,1
680971440.cel,1
518988842.cel,1
GSM86972.cel,1
586619181.cel,1
GSM23399.cel,1
518988132.cel,1
GSM20869.CEL,1
GSM118926.CEL,1
494753931.cel,1
GSM20721.CEL,1
GSM72396.CEL,1
GSM110745.CEL,1
922867265.cel,1
356368878.cel,1
GSM50113.CEL,1
GSM24620.CEL,1
GSM38680.CEL,1
GSM47636.CEL,1
GSM86935.cel,1
GSM48558.CEL,1
354960405.cel,1
GSM20935.CEL,1
GSM86798.cel,1
GSM20653.CEL,1
366332875.cel,1
GSM79254.CEL,1
307286999.cel,1
GSM110847.CEL,1
481789151.cel,1
GSM28375.CEL,1
882907008.cel,1
GSM9659.CEL,1
GSM88287.CEL,1
GSM29754.CEL,1
422893679.cel,1
GSM110664.CEL,1
560131505.cel,1
GSM100454.CEL,1
356370481.cel,1
GSM75880.CEL,1
GSM86838.cel,1
507609621.cel,1
GSM118797.CEL,1
922866649.cel,1
GSM9809.CEL,1
GSM47715.CEL,1
GSM79134.CEL,1
317334386.cel,1
GSM79252.CEL,1
GSM38686.CEL,1
GSM33105.CEL,1
GSM88292.CEL,1
922867953.cel,1
GSM80477.CEL,1
GSM20740.CEL,1
GSM89557.CEL,1
GSM20758.CEL,1
GSM118967.CEL,1
GSM118856.CEL,1
GSM20959.CEL,1
GSM118777.CEL,1
484697258.cel,1
356379805.cel,1
GSM30287.CEL,1
GSM76882.CEL,1
366332579.cel,1
922867025.cel,1
422897511.cel,1
GSM110638.CEL,1
GSM79156.CEL,1
GSM3994.CEL,1
GSM88282.CEL,1
GSM71019.CEL,1
GSM50037.CEL,1
GSM9799.CEL,1
GSM79138.CEL,1
GSM89511.CEL,1
GSM3939.CEL,1
GSM100541.CEL,1
GSM47464.CEL,1
GSM100625.CEL,1
922866553.cel,1
GSM72464.CEL,1
GSM9718.CEL,1
GSM3975.CEL,1
GSM26889.CEL,1
GSM100638.CEL,1
366331506.cel,1
863473981.cel,1
GSM34938.CEL,1
529032768.cel,1
GSM73469.CEL,1
GSM92251.CEL,1
GSM79350.CEL,1
GSM87703.CEL,1
507608357.cel,1
518987983.cel,1
GSM15705.CEL,1
GSM79202.CEL,1
GSM28366.CEL,1
GSM30320.CEL,1
GSM9845.CEL,1
922867385.cel,1
GSM9735.CEL,1
GSM74414.CEL,1
GSM42816.CEL,1
GSM30290.CEL,1
GSM20788.CEL,1
GSM86855.cel,1
GSM119022.CEL,1
GSM97044.CEL,1
529033098.cel,1
GSM20904.CEL,1
GSM23419.cel,1
GSM100493.CEL,1
GSM44700.CEL,1
325611045.cel,1
GSM107197.CEL,1
GSM118877.CEL,1
GSM110700.CEL,1
GSM42774.CEL,1
GSM20929.CEL,1
GSM73475.CEL,1
GSM47718.CEL,1
356378000.cel,1
GSM123212.cel,1
GSM47208.CEL,1
GSM9808.CEL,1
481789037.cel,1
480978202.cel,1
366330914.cel,1
922867185.cel,1
GSM20797.CEL,1
GSM86790.cel,1
GSM86579.CEL,1
GSM23396.cel,1
319983865.cel,1
GSM41342.CEL,1
GSM30846.CEL,1
GSM27071.CEL,1
GSM79303.CEL,1
GSM9819.CEL,1
GSM74411.CEL,1
GSM118843.CEL,1
GSM9781.CEL,1
GSM20688.CEL,1
GSM24613.CEL,1
GSM20968.CEL,1
GSM15713.CEL,1
GSM10504.cel,1
GSM107073.CEL,1
GSM23401.cel,1
354960185.cel,1
922866921.cel,1
GSM110842.CEL,1
560131345.cel,1
366328953.cel,1
366328472.cel,1
GSM47657.CEL,1
GSM19095.cel,1
GSM86698.CEL,1
518987702.cel,1
GSM107085.CEL,1
GSM86808.cel,1
GSM60133.CEL,1
GSM42818.CEL,1
484698581.cel,1
GSM22070.CEL,1
GSM45857.CEL,1
GSM129755.CEL,1
518987804.cel,1
GSM38989.CEL,1
GSM14952.CEL,1
GSM100538.CEL,1
GSM87114.cel,1
586619671.cel,1
GSM118784.CEL,1
GSM20893.CEL,1
GSM107223.CEL,1
GSM9793.CEL,1
325609479.cel,1
GSM41006.CEL,1
356370597.cel,1
GSM129761.CEL,1
GSM15719.CEL,1
GSM79305.CEL,1
GSM107219.CEL,1
586618963.cel,1
GSM40980.CEL,1
GSM19159.CEL,1
GSM107209.CEL,1
GSM107180.CEL,1
GSM36437.CEL,1
GSM20971.CEL,1
331050973.cel,1
GSM20882.CEL,1
GSM72401.CEL,1
GSM118829.CEL,1
GSM20842.CEL,1
518989276.cel,1
GSM123258.cel,1
GSM110866.CEL,1
GSM72424.CEL,1
480977712.cel,1
GSM42755.CEL,1
507609590.cel,1
GSM89596.CEL,1
GSM44693.CEL,1
356360768.cel,1
GSM29753.CEL,1
541319648.cel,1
921401713.cel,1
GSM20748.CEL,1
GSM72476.CEL,1
921401737.cel,1
GSM24494.CEL,1
GSM100574.CEL,1
922867369.cel,1
484698271.cel,1
GSM87103.cel,1
GSM29345.CEL,1
GSM79280.CEL,1
GSM15692.CEL,1
GSM110629.CEL,1
GSM118734.CEL,1
GSM21207.cel,1
GSM3996.CEL,1
GSM50115.CEL,1
GSM21226.cel,1
GSM72497.CEL,1
GSM92275.CEL,1
GSM118735.CEL,1
882905983.cel,1
GSM21714.CEL,1
GSM9770.CEL,1
GSM9656.CEL,1
GSM88297.CEL,1
GSM50050.CEL,1
356378550.cel,1
882906436.cel,1
GSM100618.CEL,1
1176547318.cel,1
GSM118932.CEL,1
518988481.cel,1
371161265.cel,1
GSM79189.CEL,1
GSM86853.cel,1
GSM89600.CEL,1
GSM94318.CEL,1
GSM42261.CEL,1
GSM109213.cel,1
363894590.cel,1
GSM96960.CEL,1
489164061.cel,1
GSM27102.CEL,1
GSM100504.CEL,1
GSM79330.CEL,1
GSM123191.cel,1
GSM110688.CEL,1
GSM47462.CEL,1
484697593.cel,1
GSM86734.CEL,1
456418586.cel,1
GSM118786.CEL,1
GSM39818.CEL,1
GSM107195.CEL,1
356367254.cel,1
366330655.cel,1
GSM36424.CEL,1
356363510.cel,1
GSM20894.CEL,1
922867601.cel,1
922867473.cel,1
GSM50029.CEL,1
GSM33104.CEL,1
GSM89571.CEL,1
GSM51373.CEL,1
GSM29702.CEL,1
GSM79277.CEL,1
GSM24612.CEL,1
GSM118826.CEL,1
GSM73427.CEL,1
1102960569.cel,1
356365788.cel,1
317334444.cel,1
GSM86990.cel,1
GSM15756.CEL,1
GSM96976.CEL,1
GSM123223.cel,1
GSM110790.CEL,1
GSM79184.CEL,1
GSM97037.CEL,1
GSM123236.cel,1
GSM110655.CEL,1
GSM46371.CEL,1
GSM89531.CEL,1
GSM20872.CEL,1
GSM26905.CEL,1
GSM79310.CEL,1
494754063.cel,1
307286687.cel,1
GSM15714.CEL,1
382875073.cel,1
GSM86850.cel,1
507609526.cel,1
GSM92819.CEL,1
GSM9767.CEL,1
GSM100605.CEL,1
GSM9771.CEL,1
GSM79340.CEL,1
GSM20815.CEL,1
GSM72427.CEL,1
529030115.cel,1
GSM60921.CEL,1
GSM88294.CEL,1
GSM20696.CEL,1
366332320.cel,1
GSM79278.CEL,1
366333245.cel,1
GSM21233.cel,1
356368298.cel,1
GSM110834.CEL,1
GSM79239.CEL,1
GSM9769.CEL,1
GSM72420.CEL,1
GSM89585.CEL,1
GSM110852.CEL,1
GSM100608.CEL,1
GSM79363.CEL,1
GSM74387.CEL,1
GSM89597.CEL,1
GSM109215.cel,1
GSM34921.CEL,1
366330544.cel,1
GSM41007.CEL,1
GSM42798.CEL,1
GSM79331.CEL,1
GSM79266.CEL,1
494754847.cel,1
GSM96994.CEL,1
GSM47645.CEL,1
GSM97049.CEL,1
391747254.cel,1
GSM46393.CEL,1
GSM100557.CEL,1
GSM86818.cel,1
325610523.cel,1
GSM9525.CEL,1
GSM41392.CEL,1
GSM36455.CEL,1
317334154.cel,1
GSM24507.CEL,1
539406605.cel,1
GSM79149.CEL,1
674689540.cel,1
GSM36428.CEL,1
325609943.cel,1
921401753.cel,1
GSM110714.CEL,1
305932493.cel,1
GSM20755.CEL,1
484696888.cel,1
319982021.cel,1
GSM3925.CEL,1
484697611.cel,1
GSM26909.CEL,1
GSM107160.CEL,1
GSM26287.CEL,1
GSM72475.CEL,1
GSM110775.CEL,1
GSM50072.CEL,1
GSM72442.CEL,1
350867284.cel,1
GSM73490.CEL,1
586619108.cel,1
GSM50056.CEL,1
GSM50032.CEL,1
GSM100514.CEL,1
GSM79211.CEL,1
GSM89505.CEL,1
882906597.cel,1
GSM46391.CEL,1
GSM60135.CEL,1
366330692.cel,1
GSM9749.CEL,1
350868355.cel,1
GSM23117.CEL,1
GSM89587.CEL,1
GSM26291.CEL,1
680971542.cel,1
GSM28370.CEL,1
GSM36456.CEL,1
GSM79154.CEL,1
366330803.cel,1
GSM107108.CEL,1
922866705.cel,1
305933497.cel,1
GSM86821.cel,1
GSM119015.CEL,1
356361348.cel,1
325609015.cel,1
GSM119033.CEL,1
GSM46387.CEL,1
GSM74370.CEL,1
GSM118764.CEL,1
GSM119024.CEL,1
GSM119063.CEL,1
GSM49954.CEL,1
GSM73430.CEL,1
GSM121372.CEL,1
GSM19093.cel,1
GSM15788.cel,1
503316632.cel,1
GSM107143.CEL,1
GSM48105.CEL,1
GSM118789.CEL,1
GSM118924.CEL,1
GSM110645.CEL,1
GSM74412.CEL,1
350867599.cel,1
GSM20699.CEL,1
GSM118781.CEL,1
GSM19089.cel,1
GSM60139.CEL,1
GSM74358.CEL,1
GSM14972.CEL,1
GSM34744.CEL,1
GSM46543.CEL,1
GSM89559.CEL,1
GSM107129.CEL,1
GSM107134.CEL,1
GSM52670.CEL,1
GSM121392.CEL,1
366331802.cel,1
GSM72460.CEL,1
586619234.cel,1
356358796.cel,1
356379225.cel,1
GSM100624.CEL,1
GSM50031.CEL,1
GSM107133.CEL,1
GSM44643.CEL,1
GSM79293.CEL,1
GSM123249.cel,1
518988072.cel,1
GSM118944.CEL,1
GSM15684.CEL,1
GSM118880.CEL,1
GSM87122.cel,1
863473879.cel,1
484696270.cel,1
366332727.cel,1
GSM110636.CEL,1
484697108.cel,1
GSM26892.CEL,1
GSM104476.CEL,1
366328287.cel,1
GSM129759.CEL,1
GSM110787.CEL,1
GSM44698.CEL,1
GSM110644.CEL,1
GSM72432.CEL,1
GSM87093.cel,1
1176547216.cel,1
882906303.cel,1
GSM86983.cel,1
GSM60128.CEL,1
GSM118921.CEL,1
GSM72499.CEL,1
GSM79155.CEL,1
GSM114845.CEL,1
GSM71070.CEL,1
922867113.cel,1
GSM20879.CEL,1
GSM100661.CEL,1
350866591.cel,1
GSM110855.CEL,1
518988566.cel,1
GSM20654.CEL,1
GSM50021.CEL,1
350868292.cel,1
GSM34942.CEL,1
422895718.cel,1
391748849.cel,1
GSM44651.CEL,1
GSM123211.cel,1
366329730.cel,1
GSM44692.CEL,1
529029256.cel,1
GSM76884.CEL,1
GSM51404.CEL,1
529033483.cel,1
GSM19171.CEL,1
484698016.cel,1
GSM51393.CEL,1
366329249.cel,1
GSM24511.CEL,1
GSM12283.CEL,1
GSM20802.CEL,1
GSM46540.CEL,1
GSM20914.CEL,1
GSM119050.CEL,1
GSM60141.CEL,1
GSM76878.CEL,1
GSM110730.CEL,1
382874589.cel,1
882906158.cel,1
GSM50047.CEL,1
GSM15736.CEL,1
GSM73501.CEL,1
GSM79140.CEL,1
GSM26895.CEL,1
366328694.cel,1
GSM36441.CEL,1
GSM34936.CEL,1
GSM79244.CEL,1
GSM14967.CEL,1
674689290.cel,1
GSM24619.CEL,1
356361696.cel,1
GSM33121.CEL,1
GSM41008.CEL,1
GSM80521.CEL,1
GSM46545.CEL,1
922866537.cel,1
GSM33096.CEL,1
480977551.cel,1
GSM79171.CEL,1
GSM12298.CEL,1
GSM100634.CEL,1
GSM79241.CEL,1
GSM118799.CEL,1
863473691.cel,1
GSM9534.CEL,1
GSM88284.CEL,1
GSM110698.CEL,1
GSM48597.CEL,1
GSM47688.CEL,1
GSM100645.CEL,1
GSM21637.CEL,1
GSM27097.CEL,1
GSM79302.CEL,1
GSM87751.CEL,1
GSM86969.cel,1
GSM74353.CEL,1
GSM107204.CEL,1
GSM87199.CEL,1
GSM109209.cel,1
GSM20709.CEL,1
GSM79209.CEL,1
529029201.cel,1
391747199.cel,1
507609217.cel,1
GSM22057.CEL,1
484698625.cel,1
GSM20915.CEL,1
GSM110719.CEL,1
GSM27091.CEL,1
GSM86561.CEL,1
GSM42801.CEL,1
GSM74354.CEL,1
480977494.cel,1
366330729.cel,1
GSM42773.CEL,1
GSM86702.CEL,1
GSM110803.CEL,1
GSM42267.CEL,1
366331136.cel,1
GSM20790.CEL,1
GSM87061.cel,1
GSM86942.cel,1
371161433.cel,1
GSM20835.CEL,1
493460890.cel,1
GSM123201.cel,1
502394075.cel,1
382874927.cel,1
GSM110867.CEL,1
GSM86956.cel,1
GSM118759.CEL,1
GSM30303.CEL,1
882906459.cel,1
494754195.cel,1
GSM123187.cel,1
GSM50108.CEL,1
484698475.cel,1
GSM42797.CEL,1
GSM42256.CEL,1
356376028.cel,1
GSM44641.CEL,1
674688250.cel,1
GSM50080.CEL,1
GSM21232.cel,1
GSM20714.CEL,1
GSM94324.CEL,1
GSM14963.CEL,1
GSM100522.CEL,1
GSM47675.CEL,1
GSM110691.CEL,1
GSM100575.CEL,1
GSM92256.CEL,1
529029785.cel,1
GSM118720.CEL,1
GSM110755.CEL,1
GSM129770.CEL,1
484697480.cel,1
922867561.cel,1
GSM79249.CEL,1
GSM118659.CEL,1
GSM129760.CEL,1
366328731.cel,1
518988146.cel,1
GSM107213.CEL,1
366329175.cel,1
921401673.cel,1
GSM87107.cel,1
481789329.cel,1
GSM9752.CEL,1
GSM121396.CEL,1
GSM38770.CEL,1
GSM42741.CEL,1
GSM3986.CEL,1
GSM118832.CEL,1
GSM109204.cel,1
GSM86700.CEL,1
331456016.cel,1
GSM121388.CEL,1
319984506.cel,1
GSM33093.CEL,1
GSM45850.CEL,1
GSM86732.CEL,1
GSM110780.CEL,1
GSM118888.CEL,1
GSM48099.CEL,1
325609247.cel,1
882906637.cel,1
GSM42178.CEL,1
922867153.cel,1
GSM28368.CEL,1
356362835.cel,1
GSM72397.CEL,1
GSM121382.CEL,1
882906397.cel,1
GSM40984.CEL,1
GSM129751.CEL,1
366330396.cel,1
GSM26886.CEL,1
GSM4002.CEL,1
GSM110760.CEL,1
GSM123252.cel,1
GSM100674.CEL,1
533578753.cel,1
GSM79127.CEL,1
GSM110823.CEL,1
GSM110684.CEL,1
GSM86817.cel,1
GSM20689.CEL,1
GSM19148.CEL,1
GSM26904.CEL,1
356359492.cel,1
GSM9836.CEL,1
GSM96961.CEL,1
391748904.cel,1
GSM47696.CEL,1
529029840.cel,1
GSM100571.CEL,1
GSM73459.CEL,1
GSM71061.CEL,1
GSM100669.CEL,1
GSM86973.cel,1
GSM86795.cel,1
508765288.cel,1
GSM103452.CEL,1
533578813.cel,1
GSM110772.CEL,1
GSM52679.CEL,1
353122233.cel,1
1176547182.cel,1
GSM47693.CEL,1
GSM100581.CEL,1
366327473.cel,1
GSM12270.CEL,1
GSM50095.CEL,1
GSM4005.CEL,1
GSM50026.CEL,1
356369437.cel,1
539406480.cel,1
GSM27094.CEL,1
GSM107200.CEL,1
586618914.cel,1
529034583.cel,1
333476091.cel,1
GSM118966.CEL,1
GSM110789.CEL,1
GSM38678.CEL,1
366330285.cel,1
366330026.cel,1
356357984.cel,1
529029311.cel,1
GSM50057.CEL,1
GSM72796.CEL,1
GSM87705.CEL,1
GSM72430.CEL,1
GSM76874.CEL,1
GSM15725.CEL,1
GSM79200.CEL,1
GSM100480.CEL,1
GSM21638.CEL,1
922867417.cel,1
GSM118913.CEL,1
GSM20881.CEL,1
GSM30321.CEL,1
391747364.cel,1
GSM20805.CEL,1
331051087.cel,1
GSM100629.CEL,1
GSM12098.CEL,1
325610871.cel,1
GSM48031.CEL,1
GSM3979.CEL,1
GSM30313.CEL,1
333476201.cel,1
GSM47668.CEL,1
GSM110782.CEL,1
GSM20718.CEL,1
GSM110718.CEL,1
GSM100534.CEL,1
GSM123219.cel,1
674689182.cel,1
GSM42756.CEL,1
GSM109206.cel,1
GSM74407.CEL,1
484695928.cel,1
518988014.cel,1
GSM38627.CEL,1
GSM110770.CEL,1
GSM21712.CEL,1
507609270.cel,1
GSM86943.cel,1
GSM50118.CEL,1
308150214.cel,1
GSM95566.CEL,1
GSM129738.CEL,1
GSM86788.cel,1
GSM20784.CEL,1
GSM47214.CEL,1
GSM3949.CEL,1
GSM9792.CEL,1
503316677.cel,1
GSM45852.CEL,1
GSM50100.CEL,1
GSM42788.CEL,1
GSM19161.CEL,1
680971644.cel,1
356363278.cel,1
GSM104491.CEL,1
356378898.cel,1
366329064.cel,1
GSM110717.CEL,1
GSM72443.CEL,1
586619060.cel,1
GSM86835.cel,1
GSM118931.CEL,1
GSM100635.CEL,1
GSM79268.CEL,1
518989162.cel,1
GSM72481.CEL,1
GSM110695.CEL,1
356367602.cel,1
GSM110680.CEL,1
331051771.cel,1
GSM24498.CEL,1
391747584.cel,1
319982418.cel,1
594490526.cel,1
GSM118725.CEL,1
GSM110681.CEL,1
GSM51388.CEL,1
356371641.cel,1
GSM118738.CEL,1
356362276.cel,1
GSM79364.CEL,1
529033428.cel,1
GSM110728.CEL,1
GSM20907.CEL,1
GSM107082.CEL,1
GSM129739.CEL,1
GSM87082.cel,1
GSM14959.CEL,1
GSM20926.CEL,1
GSM100533.CEL,1
391746264.cel,1
GSM119003.CEL,1
GSM42749.CEL,1
GSM100470.CEL,1
GSM114842.CEL,1
GSM107120.CEL,1
GSM44683.CEL,1
GSM100619.CEL,1
1176547267.cel,1
GSM104485.CEL,1
422894425.cel,1
GSM123241.cel,1
484697945.cel,1
484696552.cel,1
GSM19136.CEL,1
331051543.cel,1
317335372.cel,1
GSM36440.CEL,1
GSM9772.CEL,1
GSM97015.CEL,1
GSM27109.CEL,1
GSM74380.CEL,1
GSM47680.CEL,1
GSM30279.CEL,1
GSM88296.CEL,1
GSM79335.CEL,1
GSM129750.CEL,1
GSM40985.CEL,1
GSM110871.CEL,1
GSM86843.cel,1
GSM100672.CEL,1
GSM97043.CEL,1
356366558.cel,1
GSM118979.CEL,1
356366790.cel,1
1102960765.cel,1
356376840.cel,1
GSM9737.CEL,1
GSM74386.CEL,1
529030005.cel,1
GSM118912.CEL,1
GSM110752.CEL,1
GSM38628.CEL,1
507608874.cel,1
GSM129762.CEL,1
356369901.cel,1
586619284.cel,1
GSM20774.CEL,1
GSM9736.CEL,1
GSM89605.CEL,1
GSM118730.CEL,1
GSM23400.cel,1
GSM24506.CEL,1
GSM118785.CEL,1
GSM79282.CEL,1
GSM100491.CEL,1
GSM119032.CEL,1
503316352.cel,1
674687988.cel,1
GSM71041.CEL,1
586619695.cel,1
GSM129757.CEL,1
GSM24615.CEL,1
GSM73441.CEL,1
GSM72482.CEL,1
GSM46382.CEL,1
GSM47754.CEL,1
GSM79285.CEL,1
GSM15690.CEL,1
GSM86730.CEL,1
GSM89534.CEL,1
GSM89566.CEL,1
GSM47703.CEL,1
GSM79213.CEL,1
GSM87099.cel,1
GSM9817.CEL,1
GSM100556.CEL,1
518988389.cel,1
GSM38990.CEL,1
GSM82388.CEL,1
333476256.cel,1
GSM45862.CEL,1
GSM20717.CEL,1
307287141.cel,1
GSM72431.CEL,1
GSM110647.CEL,1
GSM92818.CEL,1
474068360.cel,1
GSM110721.CEL,1
GSM20885.CEL,1
GSM107139.CEL,1
GSM44648.CEL,1
GSM9816.CEL,1
1102961145.cel,1
922867809.cel,1
GSM20822.CEL,1
GSM9766.CEL,1
366331543.cel,1
GSM123233.cel,1
GSM97033.CEL,1
921401729.cel,1
GSM72462.CEL,1
317334328.cel,1
GSM14951.CEL,1
586619036.cel,1
GSM110626.CEL,1
GSM9725.CEL,1
GSM73470.CEL,1
GSM60140.CEL,1
331050631.cel,1
GSM77104.CEL,1
GSM100549.CEL,1
922866873.cel,1
GSM86978.cel,1
GSM20798.CEL,1
GSM77106.CEL,1
GSM79196.CEL,1
356357752.cel,1
GSM107156.CEL,1
586619552.cel,1
GSM80470.CEL,1
GSM20705.CEL,1
GSM39806.CEL,1
518988102.cel,1
GSM86531.CEL,1
GSM20862.CEL,1
GSM9835.CEL,1
GSM123186.cel,1
529030280.cel,1
GSM89599.CEL,1
GSM119937.CEL,1
GSM42177.CEL,1
GSM123214.cel,1
GSM20967.CEL,1
GSM77092.CEL,1
GSM23397.cel,1
GSM34927.CEL,1
507608698.cel,1
356368530.cel,1
481789507.cel,1
GSM100516.CEL,1
GSM107169.CEL,1
GSM26910.CEL,1
GSM119023.CEL,1
GSM23118.CEL,1
502393723.cel,1
GSM33100.CEL,1
GSM107182.CEL,1
325610175.cel,1
319983191.cel,1
356369553.cel,1
GSM119047.CEL,1
GSM79224.CEL,1
GSM20702.CEL,1
GSM34913.CEL,1
352601388.cel,1
GSM9697.CEL,1
GSM74372.CEL,1
GSM14942.CEL,1
GSM48027.CEL,1
356368762.cel,1
GSM24496.CEL,1
GSM50069.CEL,1
305932593.cel,1
GSM100505.CEL,1
366333097.cel,1
GSM50028.CEL,1
GSM24656.cel.CEL,1
GSM114851.CEL,1
GSM47469.CEL,1
GSM47750.CEL,1
GSM72467.CEL,1
680971593.cel,1
529033538.cel,1
GSM82385.CEL,1
352601278.cel,1
GSM47468.CEL,1
GSM114850.CEL,1
GSM79131.CEL,1
GSM87695.CEL,1
494754239.cel,1
GSM20801.CEL,1
GSM12079.CEL,1
GSM119010.CEL,1
GSM30844.CEL,1
GSM72487.CEL,1
GSM23391.cel,1
366332024.cel,1
508764989.cel,1
GSM107190.CEL,1
GSM30319.CEL,1
GSM72448.CEL,1
GSM107225.CEL,1
GSM9818.CEL,1
350868040.cel,1
GSM23121.CEL,1
391747034.cel,1
586619479.cel,1
366327806.cel,1
GSM89514.CEL,1
356380385.cel,1
GSM20727.CEL,1
GSM11830.CEL,1
GSM110648.CEL,1
GSM110807.CEL,1
GSM74413.CEL,1
GSM51390.CEL,1
GSM72496.CEL,1
356363858.cel,1
GSM79336.CEL,1
366329693.cel,1
674689442.cel,1
GSM15794.cel,1
1102960602.cel,1
GSM123195.cel,1
GSM110671.CEL,1
507608932.cel,1
371161377.cel,1
GSM42176.CEL,1
GSM100463.CEL,1
GSM123230.cel,1
529032053.cel,1
GSM100477.CEL,1
882906069.cel,1
GSM118850.CEL,1
356359840.cel,1
GSM47692.CEL,1
GSM107075.CEL,1
890732399.cel,1
356374752.cel,1
GSM28359.CEL,1
GSM9734.CEL,1
GSM79296.CEL,1
GSM37149.CEL,1
890732464.cel,1
366332653.cel,1
382874667.cel,1
GSM38766.CEL,1
GSM42794.CEL,1
882907129.cel,1
GSM42808.CEL,1
GSM3985.CEL,1
GSM118726.CEL,1
484698193.cel,1
GSM74356.CEL,1
507609468.cel,1
494754935.cel,1
GSM107171.CEL,1
GSM86989.cel,1
382874878.cel,1
529029950.cel,1
GSM86706.CEL,1
GSM36452.CEL,1
GSM20824.CEL,1
GSM118993.CEL,1
GSM26875.CEL,1
GSM20831.CEL,1
GSM9727.CEL,1
GSM20908.CEL,1
GSM97019.CEL,1
GSM118737.CEL,1
GSM118770.CEL,1
GSM51407.CEL,1
GSM100545.CEL,1
GSM29751.CEL,1
507609074.cel,1
GSM28385.CEL,1
GSM42803.CEL,1
502392869.cel,1
GSM38769.CEL,1
GSM89592.CEL,1
GSM50783.CEL,1
GSM74417.CEL,1
366328768.cel,1
356370017.cel,1
GSM100630.CEL,1
GSM86810.cel,1
307286571.cel,1
529030500.cel,1
GSM42258.CEL,1
529029565.cel,1
GSM71029.CEL,1
GSM52664.CEL,1
1176547097.cel,1
366330322.cel,1
GSM20693.CEL,1
GSM72417.CEL,1
GSM110850.CEL,1
GSM118985.CEL,1
GSM110726.CEL,1
GSM30301.CEL,1
GSM14962.CEL,1
GSM39811.CEL,1
489164224.cel,1
GSM20694.CEL,1
GSM40779.CEL,1
